time,00_bitset1,00_bitset2,00_bitset3,01_mm1,01_mm2,01_mm3,02_mv1,02_mv2,02_mv3,03_sort1,03_sort2,03_sort3,04_spmv1,04_spmv2,04_spmv3,brainfuck-bootstrap,brainfuck-mandelbrot-nerf,brainfuck-pi-nerf,conv0,conv1,conv2,crypto-1,crypto-2,crypto-3,dead-code-elimination-1,dead-code-elimination-2,dead-code-elimination-3,fft0,fft1,fft2,floyd-0,floyd-1,floyd-2,gameoflife-gosper,gameoflife-oscillator,gameoflife-p61glidergun,hoist-1,hoist-2,hoist-3,instruction-combining-1,instruction-combining-2,integer-divide-optimization-1,integer-divide-optimization-2,integer-divide-optimization-3,median0,median1,median2,shuffle0,shuffle1,shuffle2,sl1,sl2,sl3,stencil0,stencil1,transpose0,transpose1,transpose2
2099-TEDA,1382333, 2771953, 4154154, 4539839, 4140276, 3103875, 4941648, 2099617, 3498906, 1022954, 14346074, 2865799, 2686449, 1782048, 1468845, 9300698, 32824893, 1802099, 10307778, 17355302, 12739538, -1, -1, -1, 47, 4623, 458750, 5888507, 12610739, 12169764, 44, 28276, 13983969, -1, -1, -1, 83280, -1, -1, -1, -1, -1, -1, -1, 2124657, 1634, 11163654, 6075207, 9190183, 3417283, -1, -1, -1, 38657, 87979, 3003853, 2768785, 9822821
2022-05-21 19:10:08,3742758,7431323,11144845,13562615,12223835,9303101,7870316,5199410,6258659,2281079,38571772,7502942,8687948,5156274,6305241,-1,-1,-1,13113018,23078398,17219537,7897211,6529882,8577299,-1,-1,-1,11411950,24292066,23512146,109,89079,44528784,29792541,26108740,26289687,118963,-1,-1,300277,-1,-1,-1,-1,7259562,6560419,43643954,8597217,9979213,5516515,11815981,4350685,2053085,70443,178716,6680824,9210114,15012848
2022-05-21 20:55:36,3742758,7431323,11144845,13562615,12223835,9303101,7870316,5199410,6258659,2281079,38571772,7502942,8687948,5156274,6305241,-1,-1,-1,13113018,23078398,17219537,7897211,6529882,8577299,-1,-1,-1,11411950,24292066,23512146,109,89079,44528784,29792541,26108740,26289687,118963,-1,-1,300277,-1,-1,-1,-1,7259562,6560419,43643954,8597217,9979213,5516515,11815981,4350685,2053085,70443,178716,6680824,9210114,15012848
2022-05-21 21:04:52,3742758,7431323,11144845,13562615,12223835,9303101,7870316,5199410,6258659,2281079,38571772,7502942,8687948,5156274,6305241,-1,-1,-1,13113018,23078398,17219537,7897211,6529882,8577299,-1,-1,-1,11411950,24292066,23512146,109,89079,44528784,29792541,26108740,26289687,118963,-1,-1,300277,-1,-1,-1,-1,7259562,6560419,43643954,8597217,9979213,5516515,11815981,4350685,2053085,70443,178716,6680824,9210114,15012848
2022-05-21 21:16:35,3742758,7431323,11144845,13562615,12223835,9303101,7870316,5199410,6258659,2281079,38571772,7502942,8687948,5156274,6305241,-1,-1,-1,13113018,23078398,17219537,7897211,6529882,8577299,-1,-1,-1,11411950,24292066,23512146,109,89079,44528784,29792541,26108740,26289687,118963,-1,-1,300277,-1,-1,-1,-1,7259562,6560419,43643954,8597217,9979213,5516515,11815981,4350685,2053085,70443,178716,6680824,9210114,15012848
2022-05-21 21:28:57,3742758,7431323,11144845,13562615,12223835,9303101,7870316,5199410,6258659,2281079,38571772,7502942,8687948,5156274,6305241,-1,-1,-1,13113018,23078398,17219537,7897211,6529882,8577299,-1,-1,-1,11411950,24292066,23512146,109,89079,44528784,29792541,26108740,26289687,118963,-1,-1,300277,-1,-1,-1,-1,7259562,6560419,43643954,8597217,9979213,5516515,11815981,4350685,2053085,70443,178716,6680824,9210114,15012848
2022-05-23 00:03:25,3742758,7431323,11144845,13562615,12223835,9303101,7870316,5199410,6258659,2281079,38571772,7502942,8687948,5156274,6305241,-1,-1,-1,13113018,23078398,17219537,7897211,6529882,8577299,-1,-1,-1,11411950,24292066,23512146,109,89079,44528784,29792541,26108740,26289687,118963,-1,-1,300277,-1,-1,-1,-1,7259562,6560419,43643954,8597217,9979213,5516515,11815981,4350685,2053085,70443,178716,6680824,9210114,15012848
2022-06-27 20:25:47,3705638,7414280,11156639,14773884,12205481,9287783,7857205,5204504,6175552,2247302,38754228,7544447,7942890,4601627,6078388,-1,-1,-1,13195743,23411855,17388142,7750769,6385705,8404780,-1,-1,-1,11286733,24045523,23336884,112,90595,45269860,32118411,28088181,28209318,119049,-1,-1,299743,-1,-1,-1,-1,8245530,6574768,47538776,8066909,10618546,5587425,11847730,4257008,2029470,106000,146998,6874629,9304199,15445270
2022-06-27 20:38:38,3705638,7414280,11156639,14773884,12205481,9287783,7857205,5204504,6175552,2247302,38754228,7544447,7942890,4601627,6078388,-1,-1,-1,13195743,23411855,17388142,7801001,6357415,8404738,-1,-1,-1,11286733,24045523,23336884,112,90595,45269860,32118411,28088181,28209318,119049,-1,-1,299743,-1,-1,-1,-1,8278289,6578065,47547938,8066909,10618546,5587425,11847730,4257008,2029470,106000,146998,6874629,9304199,15445270
2022-06-27 21:02:09,-1,-1,-1,-1,-1,-1,-1,-1,-1,-1,-1,-1,-1,-1,-1,-1,-1,-1,-1,-1,-1,-1,-1,-1,-1,-1,-1,-1,-1,-1,-1,-1,-1,-1,-1,-1,-1,-1,-1,-1,-1,-1,-1,-1,-1,-1,-1,-1,-1,-1,11882445,4256490,2027310,-1,-1,-1,-1,-1
2022-06-30 19:13:58,3705638,7414280,11156639,14773884,12205481,9287783,7857205,5204504,6175552,2228345,38681897,7517434,7942890,4601627,6078388,-1,-1,-1,13195743,23411855,17388142,7830878,6427737,8504386,-1,-1,-1,11286733,24045523,23336884,112,90594,45275726,32118411,28088181,28209318,119049,-1,-1,299743,-1,-1,-1,-1,8228939,6585083,47622417,8066909,10618546,5587425,11847730,4257008,2029470,106000,146998,7035423,9552162,16417037
2022-06-30 19:41:42,3705638,7414280,11156639,14773884,12205481,9287783,7857205,5204504,6175552,2228345,38681897,7517434,7942890,4601627,6078388,-1,-1,-1,13195743,23411855,17388142,7830878,6427737,8504386,-1,-1,-1,11286733,24045523,23336884,112,90594,45275726,32118411,28088181,28209318,119049,-1,-1,299743,-1,-1,-1,-1,8228939,6585083,47622417,8066909,10618546,5587425,11847730,4257008,2029470,106000,146998,7035423,9552162,16417037
2022-06-30 20:24:30,3705638,7414280,11156639,14773884,12205481,9287783,7857205,5204504,6175552,2247302,38754228,7544447,7942890,4601627,6078388,-1,-1,-1,13195743,23411855,17388142,7801001,6357415,8404738,-1,-1,-1,11286733,24045523,23336884,112,90595,45269860,32118411,28088181,28209318,119049,-1,-1,299743,-1,-1,-1,-1,8278289,6578065,47547938,8066909,10618546,5587425,11847730,4257008,2029470,106000,146998,6874629,9304199,15445270
2022-06-30 20:36:39,3705638,7414280,11156639,14773884,12205481,9287783,7857205,5204504,6175552,2247302,38754228,7544447,7942890,4601627,6078388,-1,-1,-1,13195743,23411855,17388142,7745204,6350678,8396885,-1,-1,-1,11286733,24045523,23336884,112,90595,45269860,32118411,28088181,28209318,119049,-1,-1,299743,-1,-1,-1,-1,8278289,6578065,47547938,8066909,10618546,5587425,11847730,4257008,2029470,106000,146998,6874629,9304199,15445270
2022-06-30 21:00:53,3705638,7414280,11156639,14773884,12205481,9287783,7857205,5204504,6175552,2247302,38754228,7544447,7942890,4601627,6078388,-1,-1,-1,13195743,23411855,17388142,7745204,6350678,8396885,-1,-1,-1,11286733,24045523,23336884,112,90595,45269860,32118411,28088181,28209318,119049,-1,-1,299743,-1,-1,-1,-1,8278289,6578065,47547938,8066909,10618546,5587425,11847730,4257008,2029470,106000,146998,6874629,9304199,15445270
2022-06-30 21:13:26,-1,-1,-1,-1,-1,-1,-1,-1,-1,-1,-1,-1,-1,-1,-1,-1,-1,-1,-1,-1,-1,-1,-1,-1,-1,-1,-1,-1,-1,-1,-1,-1,-1,-1,-1,-1,-1,-1,-1,-1,-1,-1,-1,-1,-1,-1,-1,-1,-1,-1,11882445,4256490,2027310,-1,-1,-1,-1,-1
2022-07-01 09:06:23,-1,-1,-1,14504681,12116431,9765761,7810818,5190305,6171292,-1,-1,-1,7932731,4600604,5900640,-1,-1,-1,13195743,23411855,17388142,-1,-1,-1,-1,-1,-1,11280356,23994593,23263113,112,90595,45269860,32115083,28216488,28373739,119049,-1,-1,-1,-1,-1,-1,-1,7686957,6575750,46244325,8026578,10610234,5676333,11882445,4256490,2027310,106000,146998,6948729,9314005,15796828
2022-07-01 09:36:17,3705638,7414280,11156639,14504681,12116431,9765761,7810818,5190305,6171292,-1,-1,-1,7932731,4600604,5900640,-1,-1,-1,13195743,23411855,17388142,7745204,6350678,8396885,-1,-1,-1,11280356,23994593,23263113,112,90595,45269860,32115083,28216488,28373739,119049,-1,-1,-1,-1,-1,-1,-1,7686957,6575750,46244325,8026578,10610234,5676333,11882445,4256490,2027310,106000,146998,6948729,9314005,15796828
2022-07-01 11:12:40,3705638,7414280,11156639,14504681,12116431,9765761,7810818,5190305,6171292,2215615,38614247,7499278,7932731,4600604,5900640,-1,-1,-1,13195743,23411855,17388142,7745204,6350678,8396885,-1,-1,-1,11280356,23994593,23263113,112,90595,45269860,32115083,28216488,28373739,119049,-1,-1,299743,-1,-1,-1,-1,7686957,6575750,46244325,8026578,10610234,5676333,11882445,4256490,2027310,106000,146998,6948729,9314005,15796828
2022-07-02 16:19:38,3750338,7405195,11128374,14690087,12201379,9262465,7815082,5184138,6261550,2242402,38670817,7547580,7940375,4595479,5945727,-1,-1,-1,13204183,23428602,17411130,7741385,6346206,8398565,-1,-1,-1,11316087,24056056,23341064,112,90593,45309057,32113438,28133453,28271739,118925,-1,-1,300391,-1,-1,-1,-1,7686647,6629450,46271846,7726603,10591407,5600245,11787102,4256487,2019546,93467,168851,6703482,8885984,15857242
2022-07-02 16:33:54,3750338,7405195,11128374,14690087,12201379,9262465,7815082,5184138,6261550,2242402,38670817,7547580,7940375,4595479,5945727,-1,-1,-1,13204183,23428602,17411130,7741385,6346206,8398565,-1,-1,-1,11316087,24056056,23341064,112,90593,45309057,32105000,28111833,28235616,118930,-1,-1,300391,-1,-1,-1,-1,7686647,6629450,46271846,7726603,10591407,5600245,11787102,4256487,2019546,101483,159668,6703482,8885984,15857242
2022-07-21 15:23:07,2279586,4590434,6834947,9239743,8303023,6383140,6450469,3686772,4899445,1367408,21366254,4123694,4863061,3100745,3382356,19523638,-1,3347290,11834046,20089453,14793982,4361991,3575081,4730589,-1,-1,-1,6419958,13749792,13385042,82,63686,31665716,23379501,20725984,20651013,83700,-1,-1,42740,10936467,477544,-1,-1,4698575,3541274,27871556,6113218,9590467,4028245,9442304,3535843,1744934,55407,118913,3955897,4357682,11080467
2022-07-21 23:43:22,2318817,4559531,6840085,9235053,8323523,6360429,6447238,3683949,4891586,1375345,21448596,4120807,4863398,3068409,3396698,19469523,-1,3345134,11859930,20113237,14812341,4392605,3632946,4766451,-1,-1,-1,6691313,14276874,13823335,85,66985,33369071,23372838,20732104,20718050,83759,-1,-1,42808,10938495,469033,-1,-1,4697564,3539774,27862168,6068169,9333812,4044726,9557356,3534875,1741806,55830,127699,3908859,4310604,10597920
2022-07-22 00:57:50,2327957,4557871,6854911,9269230,8306126,6344968,6455843,3684722,4906085,1358502,21119059,4069498,4899199,3238067,3391347,20747652,-1,3447170,11872766,20087698,14932969,4087860,3379785,4428394,-1,-1,-1,6671233,14340611,13754397,86,66985,33397797,23368582,20724500,20672375,83779,-1,-1,42808,10938495,472468,-1,-1,5218581,3539877,30611653,6402304,9362951,4020025,9420426,3531542,1743418,51711,129968,3963366,4352526,10803905
2022-07-22 11:43:10,2290531,4488628,6734487,9269230,8306126,6344968,6455843,3684722,4906085,1422536,22781197,4402601,4899199,3238067,3391347,19228039,59580189,3240554,11872766,20087698,14932969,4099214,3354513,4473471,-1,-1,-1,6671233,14340611,13754397,86,66985,33397797,23368582,20724500,20672375,83779,-1,-1,42808,10938495,472468,-1,-1,5218581,3539877,30611653,6402304,9362951,4020025,9420426,3531542,1743418,51711,129968,3963366,4352526,10803905
2022-07-22 16:58:56,2290531,4488628,6734487,9283926,8314913,6359107,6448586,3684611,4907937,1423974,22778082,4412351,4899199,3238067,3391347,19228039,59580189,3240554,11872766,20087698,14932969,4099214,3354513,4473471,-1,-1,-1,6693247,14280731,13887292,85,67014,33436690,23368582,20724500,20672375,83779,-1,-1,42808,10938495,472468,-1,-1,5223193,3542127,30637057,6402304,9362951,4020025,9420426,3531542,1743418,51711,129968,3963366,4352526,10803905
2022-07-24 11:47:16,2362264,4705079,6742827,9236224,8301943,6331703,5847719,2467225,4545353,1415104,22582012,4380682,4888421,3135145,3417356,18667667,56835477,3053727,11847883,20037882,14782623,4342831,3558826,4723399,57,5723,576283,6665633,14367048,13852829,85,67014,33351218,23280489,20686159,20807416,83638,-1,-1,42942,10936484,471072,-1,-1,4696401,3588106,27863546,6068169,9333812,4044726,9401837,3536281,1734219,46348,116399,3868064,4247767,10467328
2022-07-24 12:18:39,2362264,4705079,6742827,9235350,8272866,6327732,5856605,2477308,4547513,1414203,22559434,4368994,4888421,3135145,3417356,18667667,56835477,3053727,11847883,20037882,14782623,4342831,3558826,4723399,57,5723,576283,6671051,14272634,13758623,85,66932,33360515,23280489,20686159,20807416,83638,-1,-1,42942,10936484,471072,-1,-1,4699181,3541189,27852669,6068169,9333812,4044726,9401837,3536281,1734219,46348,116399,3868064,4247767,10467328
2022-07-25 01:17:22,2244567,4667092,6596384,8863714,7887693,5958964,5384659,2049605,4273543,1254337,20077629,3877393,4660133,2985475,3177823,15539771,41881227,2454494,11529789,19102918,14141748,4445095,3644278,4821905,46,4597,460002,6430447,13808600,13227518,67,49422,24542739,22148531,19607227,19579654,83602,-1,-1,42850,10934390,469898,-1,-1,3134703,1811032,19489410,6607786,9934530,4015226,9303291,3446282,1692141,45945,117701,3525742,3738916,9640245
2022-07-25 16:01:43,2362264,4705079,6742827,9235350,8272866,6327732,5856605,2477308,4547513,1414203,22559434,4368994,4888421,3135145,3417356,18667667,56835477,3053727,11847883,20037882,14782623,4342831,3558826,4723399,57,5723,576283,6671051,14272634,13758623,85,66932,33360515,23280489,20686159,20807416,83638,-1,-1,42942,10936484,471072,-1,-1,4699181,3541189,27852669,6068169,9333812,4044726,9401837,3536281,1734219,46348,116399,3868064,4247767,10467328
2022-07-25 20:32:49,2244567,4667092,6596384,8898679,7892882,5961543,5384017,2053202,4271590,1291157,20051622,3880658,4660133,2985475,3177823,15539771,41881227,2454494,11529789,19102918,14141748,4445095,3644278,4821905,46,4597,460002,6407281,13810311,13211997,67,49553,24532902,22148531,19607227,19579654,83602,-1,-1,42850,10934390,469898,-1,-1,3135328,1771593,19489576,6607786,9934530,4015226,9303291,3446282,1692141,45945,117701,3525742,3738916,9640245
2022-07-27 10:32:27,2171316,4330162,7194133,9212970,8270179,6347933,5861196,2464081,4548294,1414317,22576279,4370301,4854921,3089398,3386946,18667667,56835477,3053727,11854224,20040456,14787450,4455414,3613843,4783751,57,5723,576283,6707275,14373411,13747837,85,66403,33075562,23280887,20701972,20632231,83638,-1,-1,42942,10936484,471225,-1,-1,4696971,3539321,27864943,6614351,9396264,4087894,9483577,3504109,1772822,45895,112275,3846451,4247917,10631091
2022-07-27 10:59:59,2171316,4330162,7194133,9212970,8270179,6347933,5861196,2464081,4548294,1414317,22576279,4370301,4854921,3089398,3386946,18667667,56835477,3053727,11854224,20040456,14787450,4455414,3613843,4783751,57,5723,576283,6707275,14373411,13747837,85,66403,33075562,23280887,20701972,20632231,83638,-1,-1,42942,10936484,471225,-1,-1,4696971,3539321,27864943,6614351,9396264,4087894,9483577,3504109,1772822,45895,112275,3846451,4247917,10631091
2022-07-27 11:18:01,2362264,4705079,6742827,9235350,8272866,6327732,5856605,2477308,4547513,1414203,22559434,4368994,4888421,3135145,3417356,18667667,56835477,3053727,11847883,20037882,14782623,4342831,3558826,4723399,57,5723,576283,6671051,14272634,13758623,85,66932,33360515,23280489,20686159,20807416,83638,-1,-1,42942,10936484,471072,-1,-1,4699181,3541189,27852669,6068169,9333812,4044726,9401837,3536281,1734219,46348,116399,3868064,4247767,10467328
2022-07-27 12:21:52,2171316,4330162,7194133,9212970,8270179,6347933,5861196,2464081,4548294,1414317,22576279,4370301,4854921,3089398,3386946,18667667,56835477,3053727,11854224,20040456,14787450,4455414,3613843,4783751,57,5723,576283,6707275,14373411,13747837,85,66403,33075562,23280887,20701972,20632231,83638,-1,-1,42942,10936484,471225,-1,-1,4696971,3539321,27864943,6614351,9396264,4087894,9483577,3504109,1772822,45895,112275,3846451,4247917,10631091
2022-07-27 22:15:09,2285669,4480920,6725552,9226570,8307071,6341291,5847152,2459314,4543593,1410030,22678282,4394978,4872867,3709392,3403864,18639591,56805922,3060407,11842288,20072695,14778430,4328607,3545542,4696833,57,5723,576283,6712167,14297610,13841990,85,66928,33434173,23300852,20685468,20632156,83768,-1,-1,42942,10936484,451906,-1,-1,4696859,3539236,27863804,6068169,9333812,4044726,9369185,3503702,1727913,49779,123752,3842937,4251526,10661559
2022-07-27 22:34:02,2230172,4335113,6501224,8899331,7897176,5975586,5382158,2049260,4270519,1190678,18752198,3613846,4651319,2992522,3130406,14011100,39584196,2275945,11546185,19161238,14159434,-1,-1,-1,46,4635,459176,6482042,13811581,13312396,66,49405,24509931,22125098,19623777,19593010,83618,-1,-1,42760,10934475,472561,-1,-1,3172726,1771462,18107745,6836584,9426147,3945120,9444506,3479850,1710796,47628,134384,3580254,3766019,9485200
2022-07-28 00:56:36,2176562,4333955,6593153,8899331,7897176,5975586,5392327,2042628,4269466,1178260,18519270,3545562,4651319,2992522,3130406,14435865,40063198,2339234,11529452,19108873,14131189,4266816,3493099,4626517,46,4624,459103,6482042,13811581,13312396,66,49405,24509931,22125098,19623777,19593010,83844,-1,-1,42760,10934475,483655,-1,-1,3139662,1770831,18101289,6183184,9385243,3957338,9343998,3462283,1712261,45611,135620,3540853,3803093,9675599
2022-07-28 01:12:58,2239885,4480831,6571916,8846259,7887622,5982604,5389179,2043502,4268177,1166892,18304970,3567846,4655347,2909578,3179367,14411861,40068980,2339778,11559490,19147772,14155591,4303492,3529151,4666267,46,4624,459103,6448029,13709260,13213044,67,49417,24545630,22131164,19672973,19718577,83638,-1,-1,42760,10934475,469437,-1,-1,3133512,1770942,18115469,6183184,9385243,3957338,9390368,3488374,1702790,52555,129388,3583680,3769184,9555235
2022-07-29 12:10:01,2123204,4377480,6248072,8872335,7900592,5991363,5491391,2045954,4291641,1154637,17402908,3441297,4643784,2889777,3102354,14744266,40471027,2274793,11567016,19041933,14105144,4267225,3496931,4627441,46,4635,459176,6296841,13470106,12931397,63,47122,23402326,16242915,14411503,14659622,83620,-1,-1,42760,10934475,266445,-1,-1,3134809,1776228,19484678,6772179,9357909,3744378,8272251,3214066,1586392,43073,140405,3291493,3136394,9271718
2022-07-29 19:31:23,2034162,3985916,6056940,8845332,7889570,5964344,5473203,2043198,4275740,1150031,17549255,3452374,4595880,2894845,3119859,14362085,38860406,2240635,10854365,17993960,13271740,4297915,3493047,4622920,47,4588,459460,6138527,13104816,12679995,63,47022,23392970,16226577,14386239,14507995,83783,-1,-1,42952,10933092,261124,-1,-1,3135296,1771777,19482933,6675399,9407564,3804992,8239338,3193728,1573999,51897,147745,3280226,3133125,9311288
2022-07-29 19:55:49,2034162,3985916,6056940,8845332,7889570,5964344,5473203,2043198,4275740,1150031,17549255,3452374,4595880,2894845,3119859,14362085,38860406,2240635,10854365,17993960,13271740,4297915,3493047,4622920,47,4588,459460,6138527,13104816,12679995,63,47022,23392970,16226577,14386239,14507995,83783,-1,-1,42952,10933092,261124,-1,-1,3135296,1771777,19482933,6675399,9407564,3804992,8239338,3193728,1573999,51897,147745,3280226,3133125,9311288
2022-07-31 02:05:41,2035225,3994496,6358854,8845332,7889570,5964344,5482559,2042747,4274226,1202142,18477312,3617627,4620528,2885827,3140161,14406575,41283969,2312411,10836380,18019834,13279138,4378239,3558341,4708909,47,4597,460046,6136108,13145049,12598359,62,46983,23387297,16227389,14393055,14544041,2089,2056861,20567177,35,8698,244947,-1,-1,3278809,2292533,20708435,7062642,9340557,3741770,8281288,3207158,1576247,44692,158879,3304662,3196477,9409788
2022-08-01 14:14:56,1907336,3794597,5711346,8866978,7895422,5971265,5205045,1908563,4025077,1077669,17697146,3385202,4879238,2890454,3190450,13631988,37881409,2142954,10783567,17818143,13084563,4205403,3447600,4553841,47,4655,459633,6045607,12929930,12471605,61,44781,22261454,12738091,11312839,11568094,83529,-1,-1,42746,10936039,262368,-1,-1,3133040,1771371,18097193,7154387,9305550,3617222,7887169,3102466,1545548,50217,118353,3228745,2989036,9182114
2022-08-01 16:03:23,2049238,3942853,5870596,8842694,7902322,5977564,5476677,2045616,4272777,1202754,18410262,3618103,4614498,2980196,3139853,14719886,34699863,2214740,10819360,17971281,13271293,4371084,3582210,4766722,47,4625,462208,6135401,13094399,12673487,64,46984,23398000,16224321,14407570,14735825,1557,1549973,15336587,35,8749,59470,30152151,-1,3375001,2528232,20032396,6814997,9285589,3695613,8146882,3210095,1579923,44624,140160,3194353,3071209,9236635
2022-08-01 16:23:37,2049238,3942853,5870596,8842694,7902322,5977564,5476677,2045616,4272777,1202754,18410262,3618103,4614498,2980196,3139853,14719886,34699863,2214740,10819360,17971281,13271293,4371084,3582210,4766722,47,4625,462208,6135401,13094399,12673487,64,46984,23398000,16224321,14407570,14735825,1557,1549973,15336587,35,8749,59470,30152151,-1,3375001,2528232,20032396,6814997,9285589,3695613,8146882,3210095,1579923,44624,140160,3194353,3071209,9236635
2022-08-01 18:49:06,2049238,3942853,5870596,8842694,7902322,5977564,5476677,2045616,4272777,1202754,18410262,3618103,4614498,2980196,3139853,14719886,34699863,2214740,10854056,17979022,13261230,4371084,3582210,4766722,47,4625,462208,6135401,13094399,12673487,64,46984,23398000,16224321,14407570,14735825,1350,1350225,13501879,35,8749,43090,22127119,-1,3375001,2528232,20032396,6814997,9285589,3695613,8146882,3210095,1579923,44624,140160,3194353,3071209,9236635
2022-08-01 19:39:18,1907336,3794597,5711346,8866978,7895422,5971265,5205045,1908563,4025077,1077669,17697146,3385202,4879238,2890454,3190450,13631988,37881409,2142954,10850824,17858866,13118100,4199407,3442535,4554695,47,4655,459633,6045607,12929930,12471605,62,44260,21964144,12738091,11305304,11503144,83529,-1,-1,42746,10936039,262368,-1,-1,3133040,1771371,18097193,7154387,9305550,3617222,7887169,3102466,1545548,106413,208696,3043985,2936356,9096029
2022-08-01 21:45:12,1942776,3795529,5722706,8873521,7898594,5990477,5210001,1911248,4036316,1147150,17571669,3412215,4731834,2930284,3033702,13590745,32331007,2055911,10789837,17823228,13091776,4319913,3539583,4684925,46,4597,502228,5987247,12900485,12355881,60,44311,21969863,12756123,11325156,11561438,1390,1292441,12964819,35,8670,43156,22132792,-1,3359433,2396167,19860780,6510613,9387556,3649347,7805378,3087547,1534029,52198,204370,3097893,2859376,9130998
2022-08-01 21:59:08,1942776,3795529,5722706,8873521,7898594,5990477,5210001,1911248,4036316,1147150,17571669,3412215,4731834,2930284,3033702,13590745,32331007,2055911,10789837,17823228,13091776,4319913,3539583,4684925,46,4597,502228,5987247,12900485,12355881,60,44311,21969863,12756123,11325156,11561438,1390,1292441,12964819,35,8670,43156,22132792,-1,3359433,2396167,19860780,9735135,9539323,3673136,7805378,3087547,1534029,52198,204370,3097893,2859376,9130998
2022-08-02 00:04:47,1942776,3795529,5722706,8873521,7898594,5990477,5210001,1911248,4036316,1139664,17518489,3392807,4731834,2930284,3033702,13590745,32331007,2055911,10765509,17794042,13072591,4318656,3539779,4663987,46,4597,502228,6026770,12804812,12448388,61,44327,22021340,12744855,11324642,11557872,1390,1325561,13023556,35,8670,43156,22132792,-1,2614416,2031,13943016,6512457,9345888,3594622,7805378,3087547,1534029,104036,206024,3058306,2857843,9172935
2022-08-02 00:36:29,1942776,3795529,5722706,8873521,7898594,5990477,5210001,1911248,4036316,1139664,17518489,3392807,4731834,2930284,3033702,13590745,32331007,2055911,10765509,17794042,13072591,4318656,3539779,4663987,46,4597,502228,6026770,12804812,12448388,61,44327,22021340,12744855,11324642,11557872,1390,1325561,13023556,35,8670,43156,22132792,-1,2614416,2031,13943016,6512457,9345888,3594622,7805378,3087547,1534029,52198,206024,3058306,2857843,9172935
2022-08-02 11:11:44,1953349,3799763,5702077,8873521,7898594,5990477,5210001,1911248,4036316,1112059,16669789,3280675,4731834,2930284,3033702,13587659,31959590,2037446,10765509,17794042,13072591,4030698,3303568,4371136,46,4597,502228,6026770,12804812,12448388,61,44327,22021340,12748142,11315560,11676505,1390,1325561,13023556,35,8670,43156,22132792,-1,2611920,2029,13937678,6512457,9345888,3594622,7805378,3087547,1534029,52198,204370,3058306,2857843,9172935
2022-08-02 17:48:45,1577711,3074396,4603411,8873521,7898594,5990477,5210001,1911248,4036316,1128808,17597833,3405013,4731834,2930284,3033702,13590745,32331007,2055911,10789837,17823228,13091776,4319913,3539583,4684925,46,4597,502228,5987247,12900485,12355881,60,44311,21969863,12756123,11325156,11561438,1390,1292441,12964819,35,8670,43156,22132792,-1,3359433,2396167,19860780,6510613,9387556,3649347,7805378,3087547,1534029,52198,204370,3129121,2906165,9189590
2022-08-02 18:01:40,1577711,3074396,4603411,8873521,7898594,5990477,5210001,1911248,4036316,1128808,17597833,3405013,4731834,2930284,3033702,13590745,32331007,2055911,10789837,17823228,13091776,4319913,3539583,4684925,46,4597,502228,5987247,12900485,12355881,60,44311,21969863,12756123,11325156,11561438,1390,1292441,12964819,35,8670,43156,22132792,-1,3359433,2396167,19860780,9735135,9539323,3673136,7805378,3087547,1534029,52198,204370,3129121,2906165,9189590
2022-08-03 07:58:59,1577711,3074396,4603411,8873521,7898594,5990477,5210001,1911248,4036316,1128808,17597833,3405013,4731834,2930284,3033702,13590745,32331007,2055911,10789837,17823228,13091776,4319913,3539583,4684925,46,4597,502228,5987247,12900485,12355881,60,44311,21969863,12756123,11325156,11561438,1390,1292441,12964819,35,8670,43156,22132792,-1,3359433,2396167,19860780,6510613,9387556,3649347,7805378,3087547,1534029,52198,204370,3129121,2906165,9189590
2022-08-04 11:06:35,1575893,3100283,4634312,8873521,7898594,5990477,5210001,1911248,4036316,1128808,17597833,3405013,4731834,2930284,3033702,-1,-1,-1,6871990,13418619,10175844,-1,-1,-1,46,4597,502228,5479436,11699591,11228932,60,44311,21969863,12756123,11325156,11561438,1390,1292441,12964819,35,8670,43156,22132792,-1,3359433,2396167,19860780,6510613,9387556,3649347,7805378,3087547,1534029,52198,204370,3097893,2859376,9130998
2022-08-04 12:01:56,1577711,3074396,4603411,8873521,7898594,5990477,5210001,1911248,4036316,1128808,17597833,3405013,4731834,2930284,3033702,13590745,32331007,2055911,10789837,17823228,13091776,4319913,3539583,4684925,46,4597,502228,5987247,12900485,12355881,60,44311,21969863,12756123,11325156,11561438,1390,1292441,12964819,35,8670,43156,22132792,-1,3359433,2396167,19860780,6510613,9387556,3649347,7805378,3087547,1534029,52198,204370,3097893,2859376,9130998
2022-08-04 18:28:49,1865903,3716537,5579643,8879025,7887458,6008448,5211901,1909394,4038375,1016301,14904304,2843186,4738937,2861811,3121459,14706512,34125766,2154640,10570988,17540082,12850924,1810291,1483813,1965543,25,2386,272811,6036057,12859885,12409403,-1,-1,-1,12742993,11323967,11509733,501,501244,5023474,35,8699,142,99862,1762940,2619249,1972,13931381,6356314,9327177,3491956,7813065,3099876,1537752,95661,133654,3358533,3560483,9782370
2022-08-04 23:21:07,1865903,3716537,5579643,8879025,7887458,6008448,5204883,1910072,4036052,1016301,14904304,2843186,4738937,2861811,3121459,14706512,34125766,2154640,10570988,17540082,12850924,1810291,1483813,1965543,25,2386,272811,6036057,12859885,12409403,61,44336,21998111,12742993,11323967,11509733,501,501244,5023474,35,8699,142,99862,1762940,2619249,1972,13931381,6356314,9327177,3491956,7813065,3099876,1537752,95661,133654,3358533,3560483,9782370
2022-08-04 23:38:40,1873107,3692596,5479006,8879025,7887458,6008448,5253492,1914250,4047811,1056348,15413412,2953860,4738937,2861811,3121459,15835984,38389047,2352976,10526407,17551195,12844038,1816447,1488952,1970496,25,2377,265844,5972446,12798319,12365438,61,44261,21966798,12726900,11303895,11661465,501,534427,5003187,35,8699,142,99890,1722709,2613530,1975,13937370,6524940,9281172,3281602,7813065,3099876,1537752,48849,226182,3477131,3219582,9932435
2022-08-04 23:46:55,1530831,2974596,4463017,8879025,7887458,6008448,5253492,1914250,4047811,1009228,15459317,2950108,4738937,2861811,3121459,15835984,38389047,2352976,10526407,17551195,12844038,1816447,1488952,1970496,25,2377,265844,5972446,12798319,12365438,61,44261,21966798,12726900,11303895,11661465,501,534427,5003187,35,8699,142,99890,1722709,2613530,1975,13937370,6524940,9281172,3281602,7813065,3099876,1537752,48849,226182,3477131,3219582,9932435
2022-08-05 10:13:47,1577711,3074396,4603411,8873521,7898594,5990477,5210001,1911248,4036316,1121745,17395001,3383670,4731834,2930284,3033702,13590745,32331007,2055911,10789837,17823228,13091776,4319913,3539583,4684925,46,4597,502228,5986933,12823535,12353767,60,44311,21969863,12756123,11325156,11561438,1390,1292441,12964819,35,8670,43156,22132792,-1,3359433,2396167,19860780,6510613,9387556,3649347,7805378,3087547,1534029,52198,204370,3129121,2906165,9189590
2022-08-05 11:00:27,1577711,3074396,4603411,8873521,7898594,5990477,5210001,1911248,4036316,1121745,17395001,3383670,4731834,2930284,3033702,13590745,32331007,2055911,10789837,17823228,13091776,4319913,3539583,4684925,46,4597,502228,6028126,12817893,12398810,60,44311,21969863,12756123,11325156,11561438,1390,1292441,12964819,35,8670,43156,22132792,-1,3359433,2396167,19860780,6510613,9387556,3649347,7805378,3087547,1534029,52198,204370,3097893,2859376,9130998
2022-08-05 11:27:05,1634401,3109968,4681085,8873521,7898594,5990477,5210001,1911248,4036316,1117477,17337665,3368681,4731834,2930284,3033702,13590745,32331007,2055911,10795919,17818670,13090548,4318517,3539711,4684815,46,4597,502228,6021085,12890014,12379196,61,44261,21967893,12756123,11325156,11561438,1390,1292441,12964819,35,8670,43156,22132792,-1,3359433,2396167,19860780,6612366,9289539,3663850,7805378,3087547,1534029,103177,201796,3089853,2813650,9146315
2022-08-05 13:20:50,1539097,3057386,4820551,8847137,7892745,5987072,5209560,1907157,4020545,1118016,17347531,3373779,4734982,2998826,3103301,13590745,32331007,2055911,10799867,17829255,13114493,4319261,3539413,4686361,46,4597,502228,5986710,12813446,12363273,60,43774,21695851,12745947,11315179,11699905,1390,1292441,12964819,35,8670,43156,22132792,-1,3359424,2395463,19871822,6972872,9291624,3685422,7742967,3074705,1528711,100846,206486,3061396,2838446,9175679
2022-08-05 13:44:54,1549338,2993186,4495710,8862349,7884668,6342315,5155153,1903534,4005476,997423,14861455,2866822,4724292,2935458,3076829,15835984,38389047,2352976,10447003,17541872,12849646,1822447,1490460,1970123,25,2377,265844,5983870,12794301,12346125,60,43729,21699874,12732367,11307874,11434835,501,534427,5003187,35,8699,142,99890,1722709,2613545,1974,13930924,6353166,10492818,3354792,7737430,3113806,1534024,100740,129162,3456511,3869281,10021154
2022-08-05 13:50:05,1549338,2993186,4495710,8862349,7884668,6342315,5155153,1903534,4005476,997423,14861455,2866822,4724292,2935458,3076829,15835984,38389047,2352976,10447003,17541872,12849646,1822447,1490460,1970123,25,2377,265844,5983870,12794301,12346125,60,43729,21699874,12732367,11307874,11434835,501,534427,5003187,35,8699,142,99890,1722709,2613545,1974,13930924,6353166,10492818,3354792,7737430,3113806,1534024,60972,126360,3456511,3869281,10021154
2022-08-06 18:22:15,1530831,2974596,4463017,8878146,8307446,6320094,5153461,1900778,4018365,1012300,15238740,2916087,4728136,2932030,3068623,15835984,38389047,2352976,10580753,17586891,12885404,1924144,1576985,2088753,25,2377,265844,5976508,12809356,12358783,61,44261,21966798,12767935,11307581,11503305,501,534427,5003187,35,8699,142,99890,1722709,2613530,1975,13937370,6821943,10459770,3364199,7840743,3125623,1544678,70237,163210,3477131,3219582,9932435
2022-08-06 18:32:16,1530484,3008646,4502982,7519690,6766289,5207291,-1,-1,-1,1037046,15686072,2979289,3896296,2601921,2742194,15066152,37230940,2193982,-1,-1,-1,2125357,1742321,2305793,22,2122,212304,6036678,12834511,12371925,61,44334,21970734,13481040,11863169,12226552,445,478975,4447485,35,8742,130,93255,1664488,2616454,-1,13942253,6153458,9266712,3491840,7724558,3071088,1515470,35035,105352,-1,-1,-1
2022-08-06 18:50:03,1552429,2997918,4497444,7493067,6772523,5209106,-1,-1,-1,1033225,15796364,3003478,3901881,2750683,2718460,15063856,37039138,2184360,-1,-1,-1,2124268,1745983,2312742,22,2122,217368,5980506,12805536,12350835,61,44353,21988492,13466730,11901208,12246960,445,444903,4448531,35,8742,129,94730,1687904,2616678,-1,13943356,6614901,9443694,3551443,7624402,3056091,1511878,46821,112128,-1,-1,-1
2022-08-06 18:55:04,1530831,2974596,4463017,8879025,7887458,6008448,5156927,1899415,4009757,1013408,15162565,2908144,4726914,2870205,3059020,15835984,38389047,2352976,10581351,17592610,12881078,1923525,1575801,2086542,25,2377,265844,5973747,12806493,12347243,61,44261,21966798,12752167,11326932,11512265,501,534427,5003187,35,8699,142,99890,1722709,2613530,1975,13937370,6821943,10459770,3364199,7901765,3136896,1552833,48849,226182,3220815,3326921,10073795
2022-08-06 20:28:43,1553573,2998726,4491431,8862659,7903792,6315552,5198683,1909304,4019962,1006487,15286162,2920533,4724158,2916351,3087645,14326104,35755838,2113427,10425385,17500210,12789846,1978225,1589856,2105065,23,2207,212333,5998054,12831651,12385830,61,44277,21976921,12751283,11377741,11584617,501,502505,5018560,35,8692,129,93969,1675683,2613530,1975,13937370,6169334,10486273,3498232,7602084,3056871,1503164,41464,109649,3392959,3469396,9974136
2022-08-06 20:42:38,1502286,2989035,4502910,9323708,7898537,5977200,5208796,1903929,4042953,997560,14840520,2868524,4733098,2909345,3039634,14326104,35755838,2113427,10512411,17564731,12883316,1946916,1596713,2113137,23,2207,212333,5992893,12841726,12381871,60,43926,21697366,12766810,11322195,11601720,501,502505,5018560,35,8692,129,93969,1675683,2613545,1974,13930924,6526597,10485642,3484929,7550353,3023505,1515485,44294,134488,3381068,3318537,9880322
2022-08-06 21:22:11,1502286,2989035,4502910,9323708,7898537,5977200,5208796,1903929,4042953,997560,14840520,2868524,4733098,2909345,3039634,14326104,35755838,2113427,10512411,17564731,12883316,1946916,1596713,2113137,23,2207,212333,5992893,12841726,12381871,60,43926,21697366,12766810,11322195,11601720,501,502505,5018560,35,8692,129,93969,1675683,2613545,1974,13930924,6526597,10485642,3484929,7550353,3023505,1515485,44294,134488,3381068,3318537,9880322
2022-08-06 21:49:24,1464184,2917625,4377607,8869113,7888091,5987989,5206432,1906184,4040034,999661,14808977,2857724,4727617,2946452,3028549,14323545,35741841,2113588,10598392,17484309,12704193,1995424,1595180,2102514,22,2113,211422,5935890,12629243,12185280,61,43764,21708293,12747612,11323057,11518015,501,500383,5009152,33,8203,129,93950,1675847,2615383,2010,13934380,6895595,10448306,3528659,7545046,3047961,1513429,40858,119744,3294549,3219788,9673604
2022-08-06 21:58:55,1464184,2917625,4377607,8869113,7888091,5987989,5206432,1906184,4040034,999661,14808977,2857724,4727617,2946452,3028549,14323545,35741841,2113588,10598392,17484309,12704193,1995424,1595180,2102514,22,2113,211422,5935890,12629243,12185280,61,43764,21708293,12747612,11323057,11518015,501,500383,5009152,33,8203,129,93950,1675847,2615383,2010,13934380,6895595,10448306,3528659,7545046,3047961,1513429,40858,119744,3294549,3219788,9673604
2022-08-07 14:37:54,1482113,2964340,4408736,8859740,7875651,6471520,5153262,1902627,4010929,994100,14435098,2804129,4734942,3128853,3055553,15120728,41677084,2323913,10604249,17464631,12707323,1971757,1584105,2093079,22,2165,212402,5888165,12625596,12195724,61,43764,21708293,12749795,11343318,11568716,445,445272,4447106,33,8203,130,94083,1676060,2617502,1956,13930260,6256912,9365957,3563892,7613646,3022053,1500019,47834,105118,3317022,3452508,9893941
2022-08-07 15:29:25,1464184,2917625,4377607,8869113,7888091,5987989,5206432,1906184,4040034,999661,14808977,2857724,4727617,2946452,3028549,14323545,35741841,2113588,10598392,17484309,12704193,1995424,1595180,2102514,22,2113,211422,5935890,12629243,12185280,61,43764,21708293,12747612,11323057,11518015,501,500383,5009152,33,8203,129,93950,1675847,2615383,2010,13934380,6895595,10448306,3528659,7545046,3047961,1513429,40858,119744,3294549,3219788,9673604
2022-08-07 16:36:27,-1,-1,-1,8869113,7888091,5987989,5206432,1906184,4040034,986064,14318224,2778210,4727617,2946452,3028549,13967674,35683918,2093477,10598392,17484309,12704193,1897750,1554983,2053627,22,2113,211422,5935890,12629243,12185280,61,43764,21708293,12747612,11323057,11518015,501,500383,5009152,33,8203,129,93950,1675847,2615383,2010,13934380,6895595,10448306,3528659,7545046,3047961,1513429,40858,119744,3294549,3219788,9673604
2022-08-07 17:00:46,1483923,2909998,4319335,8869113,7888091,5987989,5206432,1906184,4040034,986064,14318224,2778210,4727617,2946452,3028549,13967674,35683918,2093477,10598392,17484309,12704193,1897750,1554983,2053627,22,2113,211422,5935890,12629243,12185280,61,43764,21708293,12747612,11323057,11518015,501,500383,5009152,33,8203,129,93950,1675847,2615383,2010,13934380,6895595,10448306,3528659,7545046,3047961,1513429,40858,119744,3294549,3219788,9673604
2022-08-08 21:40:57,-1,-1,-1,-1,-1,-1,-1,-1,-1,-1,-1,-1,-1,-1,-1,-1,-1,-1,-1,-1,-1,-1,-1,-1,-1,-1,-1,-1,-1,-1,-1,-1,-1,-1,-1,-1,-1,-1,-1,-1,-1,-1,-1,-1,-1,-1,-1,-1,-1,-1,-1,-1,-1,-1,-1,-1,-1,-1
2022-08-09 11:24:14,1549338,2993186,4495710,8862349,7884668,6342315,5155153,1903534,4005476,997423,14861455,2866822,4724292,2935458,3076829,15835984,38389047,2352976,10447003,17541872,12849646,1822447,1490460,1970123,25,2377,265844,5983870,12794301,12346125,60,43729,21699874,12732367,11307874,11434835,501,534427,5003187,35,8699,142,99890,1722709,2613545,1974,13930924,6353166,10492818,3354792,7737430,3113806,1534024,100740,126360,3456511,3869281,10021154
2022-08-10 14:35:21,1476755,2913359,4360297,8877799,7942760,6044717,5208796,1903929,4042953,993121,14702224,2836024,4733098,2909345,3039634,14359466,35748171,2113050,10614901,17502554,12730997,1942800,1591996,2104974,22,2112,211421,5883093,12612615,12158684,61,43890,21711708,12710716,11308841,11493003,501,500411,5003292,33,8158,129,94196,1675691,2613800,1947,13945324,7084127,10508118,3594216,7900254,3081920,1534579,44493,106159,3688803,3648287,10471283
2022-08-10 15:32:34,-1,-1,-1,-1,-1,-1,-1,-1,-1,-1,-1,-1,-1,-1,-1,-1,-1,-1,-1,-1,-1,-1,-1,-1,-1,-1,-1,-1,-1,-1,-1,-1,-1,-1,-1,-1,-1,-1,-1,-1,-1,-1,-1,-1,-1,-1,-1,-1,-1,-1,-1,-1,-1,-1,-1,-1,-1,-1
2022-08-10 15:48:38,1441818,2901349,4344709,9801263,7902333,6391738,5155721,1822810,4040111,963904,14321570,2750938,4725109,2852898,3006801,13603839,32995084,2038939,10526519,17317822,12656287,1847205,1512328,2002069,25,2405,240649,5889597,12627943,12177100,61,43820,21684901,12743705,11332951,11561814,501,500457,5003347,33,8178,136,93862,1722353,2613813,1942,13932901,6617484,10503309,3544401,7811336,3059515,1532040,36859,94614,3270723,3430594,9916187
2022-08-10 16:50:38,-1,-1,-1,-1,-1,-1,-1,-1,-1,-1,-1,-1,-1,-1,-1,-1,-1,-1,-1,-1,-1,-1,-1,-1,-1,-1,-1,-1,-1,-1,-1,-1,-1,-1,-1,-1,-1,-1,-1,-1,-1,-1,-1,-1,-1,-1,-1,-1,-1,-1,-1,-1,-1,-1,-1,-1,-1,-1
2022-08-10 16:59:40,-1,-1,-1,-1,-1,-1,-1,-1,-1,-1,-1,-1,-1,-1,-1,-1,-1,-1,-1,-1,-1,-1,-1,-1,-1,-1,-1,-1,-1,-1,-1,-1,-1,-1,-1,-1,-1,-1,-1,-1,-1,-1,-1,-1,-1,-1,-1,-1,-1,-1,-1,-1,-1,-1,-1,-1,-1,-1
2022-08-10 17:40:40,1476755,2913359,4360297,8877799,7942760,6044717,5208796,1903929,4042953,993121,14702224,2836024,4733098,2909345,3039634,14359466,35748171,2113050,10614901,17502554,12730997,1942800,1591996,2104974,22,2112,211421,5883093,12612615,12158684,61,43890,21711708,12710716,11308841,11493003,501,500411,5003292,33,8158,129,94196,1675691,2613800,1947,13945324,7084127,10508118,3594216,7900254,3081920,1534579,44493,106159,3688803,3648287,10471283
2022-08-11 11:52:30,1454231,2912140,4360161,9801263,7902333,6391738,5155721,1822810,4040111,1012636,14399062,2768927,4725109,2852898,3006801,13604293,32998078,2038343,10542635,17301551,12644876,1884789,1545193,2049234,25,2405,240649,5891048,12627292,12186574,61,43820,21684901,12743705,11332951,11561814,501,500457,5003347,33,8178,136,93862,1722353,2613813,1942,13932901,6324387,10480691,3567621,7811336,3059515,1532040,35484,99935,3195090,3370173,9891552
2022-08-11 21:04:19,1454515,2910376,4355801,8868603,8331434,5974179,5216270,1906969,4043173,1059089,14856874,2858511,4733098,2909345,3039634,14400838,39619650,2241961,10541528,17476926,12739154,1904614,1561072,2064003,22,2112,211421,5879689,12611778,12166426,61,43890,21711708,12716537,11296865,11549647,501,500411,5003292,33,8158,129,94196,1675691,2614652,1947,13937233,6657333,10487504,3527215,7900254,3081920,1534579,44493,106159,3688803,3648287,10471283
2022-08-12 08:31:32,1454515,2910376,4355801,8868603,8331434,5974179,5216270,1906969,4043173,1059089,14856874,2858511,4733098,2909345,3039634,14400838,39619650,2241961,10541528,17476926,12739154,1904614,1561072,2064003,22,2112,211421,5879689,12611778,12166426,61,43890,21711708,12716537,11296865,11549647,501,500411,5003292,33,8158,129,94196,1675691,2614652,1947,13937233,6657333,10487504,3527215,7900254,3081920,1534579,44493,106159,3688803,3648287,10471283
2022-08-12 16:44:51,1493272,2984585,4472919,8873694,7903982,5991702,5216129,1908730,4034753,970433,14135051,2744009,4722067,2921536,3038503,15107682,39217172,2294391,10634820,17528632,12733677,1859645,1524929,2019309,-1,-1,-1,5896826,12639186,12177393,60,43764,21703074,12719499,11327898,11510749,445,444959,4448541,33,8165,129,93996,1716247,-1,-1,-1,6907298,10506871,3526580,7852192,3060498,1538059,51095,109474,3273713,3401874,10063326
2022-08-12 19:43:28,1503799,2933901,4377933,-1,-1,-1,5204125,1910678,4033426,988071,14865595,2850599,4733653,2974552,3062228,-1,-1,-1,-1,-1,-1,-1,-1,-1,22,2112,213694,-1,-1,-1,-1,-1,-1,13200419,11741899,11971191,501,500694,5004784,32,8101,130,96262,1673222,6388,-1,-1,6351356,10439057,3548074,-1,-1,-1,38267,97003,-1,-1,-1
2022-08-12 21:28:26,1503799,2933901,4377933,-1,-1,-1,5204125,1910678,4033426,988071,14865595,2850599,4733653,2974552,3062228,-1,-1,-1,-1,-1,-1,-1,-1,-1,22,2112,213694,-1,-1,-1,-1,-1,-1,13200419,11741899,11971191,501,500694,5004784,32,8101,130,96262,1673222,6222,-1,-1,6351356,10439057,3548074,-1,-1,-1,38267,97003,-1,-1,-1
2022-08-13 11:01:10,1446928,2891480,4330731,8870395,7915971,6004746,5155721,1822810,4040111,991022,14385835,2760998,4725109,2852898,3006801,15112931,39982186,2284122,10525634,17357946,12680405,1879963,1539127,2036137,25,2405,240649,5892223,12649376,12179012,61,43820,21684901,12746941,11332297,11517003,501,500457,5003347,33,8178,136,93862,1722353,2613813,1942,13932901,6556656,10468329,3549246,7811336,3059515,1532040,39157,99844,3403328,3458578,9833642
2022-08-13 12:06:12,1446928,2891480,4330731,8870395,7915971,6004746,5155721,1822810,4040111,991022,14385835,2760998,4725109,2852898,3006801,15112931,39982186,2284122,10525634,17357946,12680405,1879963,1539127,2036137,25,2405,240649,5892223,12649376,12179012,61,43820,21684901,12746941,11332297,11517003,501,500457,5003347,33,8178,136,93862,1722353,2613813,1942,13932901,6556656,10468329,3549246,7811336,3059515,1532040,39157,99844,3403328,3458578,9833642
2022-08-13 21:03:32,1497778,2944989,4346307,9427955,8352717,5989384,5217308,1910073,4041577,989289,14576766,2807646,4739066,2928333,3032315,15409029,34000794,2192805,10406630,17321677,12718826,1942081,1555534,2059206,22,2112,213694,-1,-1,-1,60,43730,21686741,12721070,11370367,11563455,501,500827,5003103,35,8716,130,96262,1673222,6190,-1,-1,5907904,10490892,3483585,7824241,3041585,1512397,37305,110906,3575890,3333028,9799119
2022-08-13 21:44:17,1497778,2944989,4346307,9427955,8352717,5989384,5217308,1910073,4041577,989289,14576766,2807646,4739066,2928333,3032315,15409029,34000794,2192805,10406630,17321677,12718826,1942081,1555534,2059206,22,2112,213694,-1,-1,-1,60,43730,21686741,12721070,11370367,11563455,501,500827,5003103,35,8716,130,96262,1673222,6190,-1,-1,5907904,10490892,3483585,7824241,3041585,1512397,37305,110906,3575890,3333028,9799119
2022-08-14 15:08:11,1421584,2804257,4166118,8870395,7915971,6004746,5155721,1822810,4040111,966215,14386048,2765151,4723071,2881778,3121561,14743574,37320517,2194839,10537129,17374704,12694585,1713313,1406293,1861452,24,2395,239632,5888387,12621297,12176534,61,43820,21684901,12724552,11237911,11653310,501,500408,5013930,33,8117,130,100519,1749015,2613589,1935,13967214,6385962,10479458,3662859,7811336,3059515,1532040,38341,97271,3457021,3268553,10091668
2022-08-14 15:30:25,1421584,2804257,4166118,8870395,7915971,6004746,5155721,1822810,4040111,966215,14386048,2765151,4723071,2881778,3121561,14743574,37320517,2194839,10537129,17374704,12694585,1713313,1406293,1861452,24,2395,239632,5888387,12621297,12176534,88,36279,17941383,12724552,11237911,11653310,501,500408,5013930,33,8117,130,100519,1749015,2613589,1935,13967214,6385962,10479458,3662859,7811336,3059515,1532040,38341,97271,3457021,3268553,10091668
2022-08-14 15:39:16,1421584,2804257,4166118,8870395,7915971,6004746,5155721,1822810,4040111,966215,14386048,2765151,4723071,2881778,3121561,14743574,37320517,2194839,10537129,17374704,12694585,1713313,1406293,1861452,24,2395,239632,5888387,12621297,12176534,88,36279,17941383,12724552,11237911,11653310,501,500408,5013930,33,8117,130,100519,1749015,2613589,1935,13967214,6385962,10479458,3662859,7811336,3059515,1532040,38341,97271,3457021,3268553,10091668
2022-08-14 16:05:17,1395802,2766776,4162360,8864324,8531458,6000046,5155721,1822810,4040111,964133,14413697,2770135,4727243,2922130,3115139,13605856,33890895,2056989,10589048,17445336,12693748,1784784,1458661,1931301,24,2395,239632,5871331,12604406,12139543,55,36297,17922325,12725632,11205659,11590929,501,500408,5013930,33,8117,130,100519,1749015,2616281,1915,13975778,6458313,10133208,3653033,7811336,3059515,1532040,39098,96632,3280669,3151687,10091778
2022-08-14 16:16:32,1395802,2766776,4162360,8864324,8531458,6000046,5155721,1822810,4040111,964133,14413697,2770135,4727243,2922130,3115139,13605856,33890895,2056989,10589048,17445336,12693748,1784784,1458661,1931301,24,2395,239632,5871331,12604406,12139543,55,36297,17922325,12725632,11205659,11590929,501,500408,5013930,33,8117,130,100519,1749015,2616281,1915,13975778,6458313,10133208,3653033,7811336,3059515,1532040,39098,96632,3280669,3151687,10091778
2022-08-14 18:18:43,1395802,2766776,4162360,8864324,8531458,6000046,5155721,1822810,4040111,964133,14413697,2770135,4727243,2922130,3115139,13605856,33890895,2056989,10589048,17445336,12693748,1784784,1458661,1931301,24,2395,239632,5871331,12604406,12139543,55,36297,17922325,12725632,11205659,11590929,501,500408,5013930,33,8117,130,100519,1749015,2616281,1915,13975778,6458313,10133208,3653033,7811336,3059515,1532040,39098,96632,3280669,3151687,10091778
2022-08-14 20:59:50,1497778,2944989,4346307,9427955,8352717,5989384,5217308,1910073,4041577,989289,14576766,2807646,4739066,2928333,3032315,15409029,34000794,2192805,10406630,17321677,12718826,1942081,1555534,2059206,22,2112,213694,-1,-1,-1,60,43730,21686741,12721070,11370367,11563455,501,500827,5003103,35,8716,130,96262,1673222,2648653,1991,13938327,5907904,10490892,3483585,7824241,3041585,1512397,37305,110906,3575890,3333028,9799119
2022-08-14 21:23:40,1497778,2944989,4346307,9427955,8352717,5989384,5217308,1910073,4041577,989289,14576766,2807646,4739066,2928333,3032315,15409029,34000794,2192805,10395074,17324848,12718188,1878651,1541407,2040137,22,2112,213694,5890829,12631562,12203292,60,43764,21703074,13221385,11746172,11949129,501,500827,5003103,35,8716,130,96262,1673222,2613303,1952,13936664,6146881,10446772,3481955,7824241,3041585,1512397,38214,103454,3575890,3333028,9799119
2022-08-14 23:33:29,1497778,2944989,4346307,9427955,8352717,5989384,5217308,1910073,4041577,989289,14576766,2807646,4739066,2928333,3032315,15409029,34000794,2192805,10395074,17324848,12718188,1878651,1541407,2040137,22,2112,213694,5890829,12631562,12203292,60,43764,21703074,13221385,11746172,11949129,501,500827,5003103,35,8716,130,96262,1673222,6326,-1,-1,6146881,10446772,3481955,7824241,3041585,1512397,38214,103454,3575890,3333028,9799119
2022-08-14 23:58:27,1284594,2575923,3838946,10004910,6788303,5238713,4994588,1750618,3909127,-1,-1,-1,4654242,2815350,3048177,15509941,39212027,2334821,10430178,17197214,12480954,1716552,1406664,1863070,20,1866,186803,5938593,12620566,12173942,53,35194,17374134,12898940,11372402,11743753,445,444801,4447427,37,9172,135,93115,1662882,2121432,1897,12615986,6165554,10498037,3696628,7988371,3091045,1510444,38646,119532,3528964,3197479,9922843
2022-08-15 00:13:28,1399326,2723953,4085612,8864324,8531458,6000046,5155721,1822810,4040111,988293,14421254,2768269,4727243,2922130,3115139,13605856,33890895,2056989,10589048,17445336,12693748,1703343,1368188,1811643,19,1849,184979,5871331,12604406,12139543,55,36297,17922325,12721596,11230261,11625790,501,500438,5005953,33,8117,130,100519,1749015,2616281,1915,13975778,6458313,10133208,3653033,7811336,3059515,1532040,39098,96632,3280669,3151687,10091778
2022-08-15 00:15:46,1362868,2726662,4094124,8875060,7894731,6001135,5145897,1811949,4023467,964112,14398186,2766256,4747305,2903210,3060358,13607290,33890650,2053790,10596759,17638936,12845250,1762943,1445092,1914090,24,2395,239752,5875373,12604061,12140453,55,36281,17933436,12727894,11228486,11602201,501,500532,5004867,32,8127,130,100442,1704709,5434,-1,-1,6403041,10467521,3659129,7828289,3048777,1506064,43092,109449,3441146,3338106,9909123
2022-08-15 10:36:45,1330078,2635643,3975171,10004910,6788303,5238713,4994588,1750618,3909127,993575,14269016,2593427,4654242,2815350,3048177,15517311,39205904,2334062,10431281,17071959,12441082,1699779,1392526,1875803,20,1866,186803,5887517,12647866,12169361,53,35152,17366854,12929678,11359681,11678982,445,444801,4447427,37,9172,135,93115,1662882,2121432,1897,12615986,8416066,10463144,3595700,7988371,3091045,1510444,38552,101544,3437309,3453816,10175528
2022-08-15 11:28:43,1325036,2663849,3956180,7557059,7908395,5247033,4994588,1750618,3909127,981031,14322054,2598579,4665709,2898342,3041649,15183530,41832033,2439690,10366711,16959266,12371881,1692914,1354213,1794418,20,1866,186803,5874292,12586500,12137026,55,35284,17373429,12918144,11353983,11788442,445,444801,4447427,16,3761,135,93228,1699842,2613687,1918,12609961,6372476,10479705,3716898,7988371,3091045,1510444,40609,101482,3397061,3730193,10085575
2022-08-15 12:03:36,1325036,2663849,3956180,7557059,7908395,5247033,4994588,1750618,3909127,981031,14322054,2598579,4665709,2898342,3041649,15183530,41832033,2439690,10366711,16959266,12371881,1692914,1354213,1794418,20,1866,186803,5874292,12586500,12137026,55,35284,17373429,12918144,11353983,11788442,445,444801,4447427,16,3761,135,93228,1699842,2613687,1918,12609961,6372476,10479705,3716898,7988371,3091045,1510444,40609,101482,3397061,3730193,10085575
2022-08-15 15:08:29,1325036,2663849,3956180,7557059,7908395,5247033,4994588,1750618,3909127,982113,14353934,2598814,4665709,2898342,3041649,15191707,41814123,2439233,10460739,17070814,12458943,1671877,1368871,1810299,20,1866,186803,5884622,12605959,12162432,55,35284,17373429,12904063,11362428,11733853,445,444801,4447427,16,3761,135,93228,1699842,2613687,1918,12609961,6368368,10487295,3613475,7988371,3091045,1510444,41698,98849,3422276,3326399,10049777
2022-08-15 21:56:54,1241207,2476686,3727930,5395670,4880534,3738023,5019381,1754699,3916935,975679,14033751,2564590,3126388,2187788,1908058,15183530,41832033,2439690,10418384,17110917,12522574,1331935,1061176,1404102,19,1839,184169,5917150,12588370,12155511,52,33933,16778853,12262633,10819441,11229659,445,444801,4447427,15,3684,135,93228,1699842,2093452,1696,11167875,6577604,10458329,3801614,7988371,3091045,1510444,38047,101109,3258979,3117974,9869276
2022-08-16 01:25:28,1327446,2665266,3992401,5395670,4880534,3738023,5019381,1754699,3916935,970579,13786671,2562820,3126388,2187788,1908058,15538546,41797633,2411960,10377568,17214085,12664415,1294534,1061864,1405174,19,1829,182682,5932848,12617708,12172946,52,33933,16778853,12266773,10815421,11157531,445,444810,4447249,15,3684,134,93060,1662368,2093538,1689,11167572,6695189,10243279,3886522,7988371,3091045,1510444,38047,101109,3188038,3316148,9628164
2022-08-16 15:54:44,1299308,2605907,3890373,5051281,4576027,3509046,4757365,1739706,3181407,971764,14084083,2555314,3126388,2187788,1908058,15538546,41797633,2411960,10349847,17012107,12475831,1316508,1078656,1428132,19,1829,182682,5873530,12590002,12149023,52,33935,16770488,12277555,10823147,11138283,445,444810,4447249,15,3684,134,93063,1705105,2615275,1812,13928619,6830079,10515243,3802423,7988371,3091045,1510444,35855,98751,2954117,2737950,9227301
2022-08-16 17:30:19,1299308,2605907,3890373,5051281,4576027,3509046,4757365,1739706,3181407,966516,13024794,2459988,3126388,2187788,1908058,15538546,41797633,2411960,10400362,17327682,12749941,1316508,1078656,1428132,19,1829,182682,4699295,9973709,9729098,52,33935,16770488,12277555,10823147,11138283,445,444810,4447249,15,3684,134,93063,1705105,2615275,1812,13928619,6830079,10515243,3802423,7988371,3091045,1510444,37585,99517,2954117,2737950,9227301
2022-08-16 22:50:42,-1,-1,-1,-1,-1,-1,-1,-1,-1,-1,-1,-1,-1,-1,-1,-1,-1,-1,-1,-1,-1,-1,-1,-1,-1,-1,-1,-1,-1,-1,-1,-1,-1,-1,-1,-1,-1,-1,-1,-1,-1,-1,-1,-1,-1,-1,-1,-1,-1,-1,-1,-1,-1,-1,-1,-1,-1,-1
2022-08-16 22:58:28,-1,-1,-1,-1,-1,-1,-1,-1,-1,-1,-1,-1,-1,-1,-1,-1,-1,-1,-1,-1,-1,-1,-1,-1,-1,-1,-1,-1,-1,-1,-1,-1,-1,-1,-1,-1,-1,-1,-1,-1,-1,-1,-1,-1,-1,-1,-1,-1,-1,-1,-1,-1,-1,-1,-1,-1,-1,-1
2022-08-16 23:16:16,1362868,2726662,4094124,8875060,7894731,6001135,5145897,1811949,4023467,984857,14791077,2827185,4747305,2903210,3060358,13607290,33890650,2053790,10437458,17211544,12551494,1762943,1445092,1914090,24,2395,239752,5984835,12833969,12341991,55,36281,17933436,12727894,11228486,11602201,501,500532,5004867,32,8127,130,100442,1704709,5434,-1,-1,6403041,10467521,3659129,7828289,3048777,1506064,38167,123833,3441146,3338106,9909123
2022-08-16 23:45:19,1308878,2624702,3904077,5051281,4576027,3509046,4757365,1739706,3181407,939560,13324529,2456837,3307709,2234885,1531804,15538546,41797633,2411960,10400362,17327682,12749941,1319674,1081893,1439080,19,1829,182682,4688466,9944487,9703698,51,33375,16582614,12696267,11221085,11358653,445,444810,4447249,15,3684,134,93063,1705105,2091653,1675,11163661,6830079,10515243,3802423,7988371,3091045,1510444,37585,99517,2954117,2737950,9227301
2022-08-17 00:18:46,1308878,2624702,3904077,5051281,4576027,3509046,4757365,1739706,3181407,939560,13324529,2456837,3307709,2234885,1531804,15538546,41797633,2411960,10400362,17327682,12749941,1319674,1081893,1439080,19,1829,182682,4688466,9944487,9703698,51,33375,16582614,12696267,11221085,11358653,445,444810,4447249,15,3684,134,93063,1705105,2091653,1675,11163661,6830079,10515243,3802423,7988371,3091045,1510444,37585,99517,2954117,2737950,9227301
2022-08-17 11:07:49,1301007,2604094,3941347,5104512,4599721,3486767,4759776,1742261,3187316,703859,9022901,1696961,3321612,2226798,1535862,14558321,36243895,2163768,10365958,17222372,12587313,1288710,1055435,1396897,19,1829,182682,4685525,9947619,9710291,50,33253,16478362,12682280,11221794,11347499,445,444810,4447249,15,3684,135,93054,1663360,2092919,1664,11158940,6567727,10491401,3679276,7988371,3091045,1510444,36124,106913,2938163,2736763,9283996
2022-08-17 15:43:45,1297986,2618517,3864933,5176251,4693506,3462833,4758865,1738843,3182915,731005,8912522,1685884,3353254,2183776,1537713,11626124,34949625,1894484,10397162,17170746,12543508,1249877,1024414,1356943,19,1829,182682,4680032,9924286,9694064,51,33376,16503958,12692034,11207945,11348919,445,445100,4447578,15,3658,134,93063,1705105,2614032,1776,13933332,6152053,10466637,3679799,7988371,3091045,1510444,38990,96769,2947163,2766441,9179039
2022-08-17 18:58:23,1362868,2726662,4094124,9317976,8313466,6001453,5145897,1811949,4023467,985234,14824853,2829717,4735978,2902038,3045023,13603819,33502815,2061114,10408737,17196382,12548675,1762943,1445092,1914090,24,2395,239752,5966367,12796122,12325908,55,36345,17928922,12720160,11231664,11655094,501,500532,5004867,32,8127,130,100442,1704709,2619143,1935,13971463,5830736,10476807,3666936,7828289,3048777,1506064,38167,123833,3277050,3223991,10022645
2022-08-17 19:13:07,1297934,2597935,3902109,5073579,4613507,3512614,4759635,1737386,3179694,978526,12917075,2470963,3327073,2249914,1530445,15328857,38538542,2347639,10329767,17154644,12587530,1317792,1090288,1429375,19,1829,182620,4680192,9947868,9684309,51,33401,16496063,12678458,11213092,11305872,446,444893,4448183,15,3658,135,93471,1709161,2108846,1677,11189624,6483618,10523830,3675256,7938572,3077284,1520992,38945,121774,2953749,2779407,9101906
2022-08-17 19:29:46,1297934,2597935,3902109,5073579,4613507,3512614,4759635,1737386,3179694,978526,12917075,2470963,3327073,2249914,1530445,15328857,38538542,2347639,10329767,17154644,12587530,1317792,1090288,1429375,19,1829,182620,4680192,9947868,9684309,51,33401,16496063,12678458,11213092,11305872,446,444893,4448183,15,3658,135,93471,1709161,2108846,1677,11189624,6483618,10523830,3675256,7938572,3077284,1520992,38945,121774,2953749,2779407,9101906
2022-08-17 21:21:53,1319612,2601198,3903875,5027272,4571508,3470771,4910975,1932142,3366349,698880,8917394,1659850,3326361,2236132,1527710,11275329,35687618,1947448,10403752,17281200,12684210,1116005,915319,1211026,19,1829,182682,4678141,9934727,9685318,51,33969,16771669,12707824,11219355,11340242,445,445100,4447578,15,3659,135,121892,1662572,2614184,1763,13971255,6260546,10494148,3711392,7988371,3091045,1510444,37428,112057,2947163,2766441,9179039
2022-08-17 22:18:06,1348834,2700901,4039303,10004910,6788303,5238713,4994588,1750618,3909127,981992,14235728,2592851,4654242,2815350,3048177,15517311,39205904,2334062,10431281,17071959,12441082,1800941,1475845,1953668,26,2504,250532,5878461,12588135,12140930,53,35152,17366854,12911945,11370109,11799714,445,445114,4447042,37,9139,135,93115,1662882,2121432,1897,12615986,8416066,10463144,3595700,7988371,3091045,1510444,38552,101544,3437309,3453816,10175528
2022-08-17 22:30:52,-1,-1,-1,9531861,7886783,5984500,4997691,1750639,3903349,-1,-1,-1,-1,-1,-1,-1,-1,-1,-1,-1,-1,-1,-1,-1,26,2530,290109,5887475,12624086,12176137,-1,-1,-1,-1,-1,-1,445,445203,4448859,37,9175,-1,-1,-1,2614250,1912,12609737,6893060,10019234,3674098,-1,-1,-1,-1,-1,-1,-1,-1
2022-08-17 22:36:49,1297986,2618517,3864933,5176251,4693506,3462833,4758865,1738843,3182915,731005,8912522,1685884,3353254,2183776,1537713,11626124,34949625,1894484,10397162,17170746,12543508,1193693,978437,1294232,19,1829,182682,4680032,9924286,9694064,51,33376,16503958,12692034,11207945,11348919,445,445100,4447578,15,3658,134,93063,1705105,2614032,1776,13933332,6152053,10466637,3679799,7988371,3091045,1510444,40992,113845,2947163,2766441,9179039
2022-08-17 22:47:30,1346673,2732976,4048457,8863940,7894818,5990675,4984105,1751598,3907839,974820,14294864,2599126,4694456,2860888,3154461,15535197,40715196,2396318,10245076,16987218,12434899,1795950,1471671,1949168,26,2504,250781,5888858,12616970,12172011,51,31820,15646070,12886349,11385857,11889917,445,445203,4448859,37,9175,139,93296,1663136,2614343,1914,12613514,6446789,9515152,3722786,7880226,3063316,1523173,43864,128270,3606739,3484016,9742004
2022-08-18 00:36:07,1308878,2624702,3904077,5051281,4576027,3509046,4757365,1739706,3181407,939560,13324529,2456837,3307709,2234885,1531804,15538546,41797633,2411960,10400362,17327682,12749941,1319674,1081893,1439080,19,1829,182682,4688466,9944487,9703698,51,33375,16582614,12696267,11221085,11358653,445,444810,4447249,15,3684,134,93063,1705105,2091653,1675,11163661,6830079,10515243,3802423,7988371,3091045,1510444,37585,99517,2954117,2737950,9227301
2022-08-18 09:43:01,1308878,2624702,3904077,5051281,4576027,3509046,4757365,1739706,3181407,939560,13324529,2456837,-1,-1,-1,15538546,41797633,2411960,10400362,17327682,12749941,1319674,1081893,1439080,19,1829,182682,4688466,9944487,9703698,51,33375,16582614,12696267,11221085,11358653,445,444810,4447249,15,3684,134,93063,1705105,2091653,1675,11163661,6830079,10515243,3802423,7988371,3091045,1510444,37585,99517,2954117,2737950,9227301
2022-08-18 10:52:11,1302071,2623813,3888973,5037016,4538688,3461031,4764185,1737142,3183687,940396,13047063,2469323,3359223,2253997,1541394,14308983,34183129,2064867,10441208,17458207,12778524,1332651,1089970,1448090,19,1829,182767,4688145,9956785,9721171,52,33443,16489664,12708747,11198912,12356363,501,500489,5009075,15,3658,134,93230,1707787,2091424,1702,11208483,6569479,9302573,3790877,7923615,3072646,1522489,45509,132687,3086851,2856042,8993238
2022-08-18 10:58:09,1302071,2623813,3888973,5037016,4538688,3461031,4764185,1737142,3183687,940396,13047063,2469323,3359223,2253997,1541394,14308983,34183129,2064867,10441208,17458207,12778524,1332651,1089970,1448090,19,1829,182767,4688145,9956785,9721171,52,33443,16489664,12708747,11198912,12356363,501,500489,5009075,15,3658,134,93230,1707787,2091424,1702,11208483,6569479,9302573,3790877,7923615,3072646,1522489,45509,132687,3086851,2856042,8993238
2022-08-18 11:06:50,2943362,5913836,8794160,13835689,11532539,8762184,7428988,4872981,6124626,2024621,33669937,6632968,7505521,4317045,5604686,20994586,55677367,3039951,12492811,21643615,15967379,5300497,4346846,5747276,-1,-1,-1,8831507,18772862,18170000,79,58828,29058848,25695212,22395154,22682146,84202,-1,-1,-1,-1,-1,-1,-1,6801385,6486528,41078715,7690486,9449322,4760541,11680651,4168550,2007754,79519,217180,6679675,9051718,14069570
2022-08-18 13:19:18,1308878,2624702,3904077,5051281,4576027,3509046,4757365,1739706,3181407,939560,13324529,2456837,-1,-1,-1,15538546,41797633,2411960,10400362,17327682,12749941,1319674,1081893,1439080,19,1829,182682,4688466,9944487,9703698,51,33375,16582614,12696267,11221085,11358653,445,444810,4447249,15,3684,134,93063,1705105,2091653,1675,11163661,6830079,10515243,3802423,7988371,3091045,1510444,37585,99517,2954117,2737950,9227301
2022-08-18 13:23:35,1308878,2624702,3904077,5051281,4576027,3509046,4757365,1739706,3181407,939560,13324529,2456837,-1,-1,-1,15538546,41797633,2411960,10400362,17327682,12749941,1319674,1081893,1439080,19,1829,182682,4688466,9944487,9703698,51,33375,16582614,12696267,11221085,11358653,445,444810,4447249,15,3684,134,93063,1705105,2091653,1675,11163661,6830079,10515243,3802423,7988371,3091045,1510444,39126,99517,2954117,2737950,9227301
2022-08-18 14:58:51,1308878,2624702,3904077,4999912,4512416,3442577,4757365,1739706,3181407,939320,13316694,2449771,3829994,2571972,1974231,15538546,41797633,2411960,10426285,17318458,12750837,1319685,1081741,1466152,19,1829,182682,4668268,9937246,9680136,51,33375,16582614,12688008,11237672,11357168,445,444810,4447249,15,3684,134,93063,1705105,2091653,1675,11163661,6264202,9342518,3716378,7922654,3069465,1513960,37585,107457,2954117,2737950,9227301
2022-08-18 18:25:02,1308878,2624702,3904077,4999912,4512416,3442577,4757365,1739706,3181407,939320,13316694,2449771,3829994,2571972,1974231,15538546,41797633,2411960,10426285,17318458,12750837,1319685,1081741,1466152,19,1829,182682,4668268,9937246,9680136,51,33375,16582614,12688008,11237672,11357168,445,444810,4447249,15,3684,134,93063,1705105,2091653,1675,11163661,6264202,9342518,3716378,7922654,3069465,1513960,37496,107457,2954117,2737950,9227301
2022-08-18 19:51:30,1298745,2580754,3888305,5073579,4613507,3512614,4758179,1740991,3194514,938579,13246283,2477120,3336076,2286843,1530508,15541209,40308072,2381279,10331884,17155617,12595735,1298972,1063451,1406694,19,1830,182612,4674614,9941649,9691655,51,33427,16511155,12711860,11208747,11382086,532,445375,4481720,15,3658,134,93261,1662587,2091555,1676,11156851,6297900,9263537,3725852,7938572,3077284,1520992,38945,121774,2953749,2779407,9101906
2022-08-18 19:58:24,1298745,2580754,3888305,5073579,4613507,3512614,4758179,1740991,3194514,938579,13246283,2477120,3336076,2286843,1530508,15541209,40308072,2381279,10331884,17155617,12595735,1298972,1063451,1406694,19,1830,182612,4674614,9941649,9691655,51,33427,16511155,12711860,11208747,11382086,532,445375,4481720,15,3658,134,93261,1662587,2091555,1676,11156851,6297900,9263537,3725852,7938572,3077284,1520992,38945,121774,2953749,2779407,9101906
2022-08-18 20:49:51,1377358,2702802,4052562,5107655,5511103,3533682,4794673,1830555,3321317,676202,8546026,1609032,3271173,2175745,1365113,9716372,28942626,1669416,10378200,17260862,12630817,1070466,877511,1161501,19,1829,182682,4670270,9948085,9678512,51,33242,16520320,12990402,11399852,11930739,445,445100,4447578,15,3659,132,93116,1662248,2090390,1579,11183336,5438638,9140808,3685318,7573425,3002364,1498103,38390,107845,2989864,2760406,9104562
2022-08-18 21:25:59,1297937,2563197,3840565,4851511,4361295,3332260,4515089,1694473,2999366,661753,8483541,1575083,2676608,1871439,1312418,10682739,32977255,1849888,9227368,15833554,11559480,1093802,896547,1188032,19,1829,182682,4501239,9546841,9307998,51,33242,16520320,12897470,11322883,11764327,445,445100,4447578,15,3659,132,93116,1662248,2090981,1549,11166001,5970248,9163162,3431469,7421672,3003379,1495702,47584,113352,2983865,2743161,9000425
2022-08-19 01:08:02,1297937,2563197,3840565,-1,-1,-1,-1,-1,-1,-1,-1,-1,2676608,1871439,1312418,10682739,32977255,1849888,-1,-1,-1,-1,-1,-1,19,1829,182682,-1,-1,-1,-1,-1,-1,12897470,11322883,11764327,445,445100,4447578,-1,-1,132,93116,1662248,2094986,-1,-1,5970248,9163162,3431469,7421672,3003379,1495702,47584,113352,-1,-1,-1
2022-08-19 01:30:54,1297937,2563197,3840565,4851511,4361295,3332260,4515089,1694473,2999366,661753,8483541,1575083,2676608,1871439,1312418,10682739,32977255,1849888,9227368,15833554,11559480,1093802,896547,1188032,19,1829,182682,4501239,9546841,9307998,51,33242,16520320,12897470,11322883,11764327,445,445100,4447578,15,3659,132,93116,1662248,2090981,1549,11166001,5970248,9163162,3431469,7421672,3003379,1495702,47584,113352,2983865,2743161,9000425
2022-08-19 01:36:14,1297937,2563197,3840565,4851511,4361295,3332260,4515089,1694473,2999366,661753,8483541,1575083,2676608,1871439,1312418,10682739,32977255,1849888,9227368,15833554,11559480,1093802,896547,1188032,19,1829,182682,4501239,9546841,9307998,51,33242,16520320,12897470,11322883,11764327,445,445100,4447578,15,3659,132,93116,1662248,2090981,1549,11166001,5970248,9163162,3431469,7421672,3003379,1495702,47584,113352,2983865,2743161,9000425
2022-08-19 11:38:51,1302158,2600190,3904650,4978576,4507219,3432162,4756721,1739093,3178183,942047,13188018,2458075,3315947,2376479,1522315,15296925,36781793,2257462,10379650,17272454,12663487,1319057,1081311,1430793,19,1829,182682,4683033,9922134,9682742,51,33493,16511313,12678583,11218240,11417794,445,444810,4447249,15,3659,134,93063,1705105,2091738,1725,11202940,6551933,9388579,3639066,7988371,3091045,1510444,41830,102551,2943152,2678937,8970615
2022-08-19 12:04:51,1302158,2600190,3904650,4978576,4507219,3432162,4756721,1739093,3178183,942047,13188018,2458075,3315947,2376479,1522315,15296925,36781793,2257462,10379650,17272454,12663487,1319057,1081311,1430793,19,1829,182682,4683033,9922134,9682742,51,33493,16511313,12678583,11218240,11417794,445,444810,4447249,15,3659,134,93063,1705105,2091738,1725,11202940,6551933,9388579,3639066,7988371,3091045,1510444,41830,102551,2943152,2678937,8970615
2022-08-19 13:51:37,1296274,2589599,3858183,4908865,4418715,3362330,4470983,1685529,2918201,692635,8492714,1566267,2693495,1950861,1289800,10692198,33002038,1862186,9188515,15747306,11506915,1064097,872201,1154730,19,1828,182630,4486896,9498831,9266026,51,33277,16494652,12916692,11342753,11851953,501,500449,5023190,15,3659,132,93125,1662358,2090738,1557,11151788,5760780,10102493,3490036,7449189,2972355,1481073,38445,127450,2982663,2578950,8967291
2022-08-19 20:58:34,1317229,2640711,3960072,4440191,3975036,3004362,4276468,1481567,2892888,662591,8437894,1532819,2669672,1896477,1287922,11050527,32944586,1815781,9180681,15736903,11496640,1094197,897810,1187647,14,1266,127019,4493898,9545304,9306523,50,33267,16484760,12227097,10767334,11330671,446,445369,4447419,11,2532,139,93162,1702302,2091473,1549,11197857,6050567,9037913,3431384,6932217,2824467,1413701,35591,104615,2939397,2618731,8933687
2022-08-19 21:52:16,1297937,2563197,3840565,4871023,4389874,3332931,4513407,1693962,2995870,715564,8532896,1581780,2676608,1871439,1312418,10669116,32972294,1850206,9227368,15833554,11559480,1094956,896457,1187127,19,1829,182682,4492064,9540734,9326575,51,33242,16520320,12862130,11336018,11794018,445,445100,4447578,15,3659,132,93116,1662248,2090981,1549,11166001,5970248,9163162,3431469,7395604,2970487,1481473,39119,113032,2983865,2743161,9000425
2022-08-19 21:55:48,-1,-1,-1,4966135,4513060,3447334,4758544,1744678,3179749,-1,-1,-1,3323725,2210361,1527027,14600921,39014246,2307224,-1,-1,-1,-1,-1,-1,-1,-1,-1,-1,-1,-1,50,33457,16489096,12680127,11224466,11418545,-1,-1,-1,-1,-1,-1,-1,-1,-1,-1,-1,-1,-1,-1,-1,-1,-1,38819,104556,-1,-1,-1
2022-08-19 22:02:46,1317406,2649824,3934690,4440191,3975036,3004362,4276468,1481567,2892888,669513,8418619,1532092,2647424,1796001,1286059,11050527,32944586,1815781,9180681,15736903,11496640,1093349,897595,1187425,14,1266,127019,4493898,9545304,9306523,50,33267,16484760,12217197,10791684,11252920,446,445369,4447419,11,2532,139,93162,1702302,2090738,1557,11151788,5832416,9023253,3419281,6932217,2824467,1413701,35591,104615,2939397,2618731,8933687
2022-08-19 22:25:00,-1,-1,-1,4966135,4513060,3447334,4758544,1744678,3179749,-1,-1,-1,3323725,2210361,1527027,14600921,39014246,2307224,-1,-1,-1,-1,-1,-1,-1,-1,-1,-1,-1,-1,50,33457,16489096,12680127,11224466,11418545,-1,-1,-1,-1,-1,-1,-1,-1,-1,-1,-1,-1,-1,-1,-1,-1,-1,38819,104556,-1,-1,-1
2022-08-19 23:13:57,1304577,2597775,3907439,4440191,3975036,3004362,4297456,1487853,2818795,669513,8418619,1532092,2652978,1854344,1303958,11050527,32944586,1815781,9180681,15736903,11496640,1123635,895904,1186495,14,1266,127019,4493898,9545304,9306523,50,33424,16486001,12217197,10791684,11252920,446,445369,4447419,11,2532,139,93162,1702302,2090738,1557,11151788,5832416,9023253,3419281,6932217,2824467,1413701,35591,104615,2939397,2618731,8933687
2022-08-19 23:17:20,1315724,2635964,3959742,4440191,3975036,3004362,4297456,1487853,2818795,669513,8418619,1532092,2652978,1854344,1303958,11050527,32944586,1815781,9180681,15736903,11496640,1123635,895904,1186495,14,1266,127019,4493898,9545304,9306523,50,33424,16486001,12217197,10791684,11252920,446,445369,4447419,11,2532,139,93162,1702302,2090738,1557,11151788,5832416,9023253,3419281,6932217,2824467,1413701,35591,104615,2939397,2618731,8933687
2022-08-20 00:54:55,1304577,2597775,3907439,4410439,3961776,3002988,4325732,1490907,2840785,658532,8275480,1497757,2646894,1789541,1285938,10895153,32770573,1813963,9182501,15750432,11511114,1085635,890725,1177274,13,1292,129644,4495855,9536982,9304408,50,33267,16474192,12217197,10791684,11252920,445,445218,4451187,11,2666,140,130451,1662546,2091754,1544,11151908,5253686,9074719,3488730,6900467,2817773,1421547,35591,104615,3001858,2708056,8919187
2022-08-20 01:03:49,1304577,2597775,3907439,4410439,3961776,3002988,4325732,1490907,2840785,658532,8275480,1497757,2646894,1789541,1285938,10895153,32770573,1813963,9182501,15750432,11511114,1085635,890725,1177274,13,1292,129644,4495855,9536982,9304408,50,33267,16474192,12217197,10791684,11252920,445,445218,4451187,11,2666,140,130451,1662546,2091754,1544,11151908,5253686,9074719,3488730,6900467,2817773,1421547,35591,104615,3001858,2708056,8919187
2022-08-20 07:44:36,1304577,2597775,3907439,4410439,3961776,3002988,4325732,1490907,2840785,658532,8275480,1497757,2646894,1789541,1285938,10895153,32770573,1813963,9182501,15750432,11511114,1085635,890725,1177274,13,1292,129644,4495855,9536982,9304408,50,33267,16474192,12217197,10791684,11252920,445,445218,4451187,11,2666,140,130451,1662546,2091754,1544,11151908,5253686,9074719,3488730,6900467,2817773,1421547,35591,104615,3001858,2708056,8919187
2022-08-20 09:03:15,1304577,2597775,3907439,4410439,3961776,3002988,4325732,1490907,2840785,658532,8275480,1497757,2646894,1789541,1285938,10895153,32770573,1813963,9182501,15750432,11511114,1085635,890725,1177274,13,1292,129644,4495855,9536982,9304408,50,33267,16474192,12217197,10791684,11252920,445,445218,4451187,11,2666,140,130451,1662546,2091754,1544,11151908,5253686,9074719,3488730,6900467,2817773,1421547,35591,104615,3001858,2708056,8919187
2022-08-20 09:47:55,1304577,2597775,3907439,4410439,3961776,3002988,4325732,1490907,2840785,658532,8275480,1497757,2646894,1789541,1285938,10895153,32770573,1813963,9182501,15750432,11511114,1085635,890725,1177274,13,1292,129644,4495855,9536982,9304408,50,33267,16474192,12217197,10791684,11252920,445,445218,4451187,11,2666,140,130451,1662546,2091754,1544,11151908,5253686,9074719,3488730,6900467,2817773,1421547,35591,104615,3001858,2708056,8919187
2022-08-20 13:30:43,1297804,2598685,3900336,4469081,4002241,2989138,4324781,1489191,2843294,655567,8279934,1500372,2690136,1861191,1298516,10820307,30492478,1746056,9182959,15877732,11799033,1100680,901510,1193940,19,1859,186841,4527449,9542433,9292833,50,33325,16463184,12603768,11059539,11572874,445,445218,4451187,16,3787,129,95344,1697288,2090376,1567,11158913,5677890,9269015,3378160,6875822,2812033,1406048,40919,127533,2951332,2710162,8901005
2022-08-20 14:30:39,1297804,2598685,3900336,4469081,4002241,2989138,4324781,1489191,2843294,655567,8279934,1500372,2690136,1861191,1298516,10820307,30492478,1746056,9182959,15877732,11799033,1100680,901510,1193940,19,1859,186841,4527449,9542433,9292833,50,33325,16463184,12603768,11059539,11572874,445,445218,4451187,16,3787,129,95344,1697288,2090376,1567,11158913,5677890,9269015,3378160,6875822,2812033,1406048,40919,127533,2951332,2710162,8901005
2022-08-20 14:55:17,1297804,2598685,3900336,4469081,4002241,2989138,4324781,1489191,2843294,655567,8279934,1500372,2690136,1861191,1298516,10820307,30492478,1746056,9182959,15877732,11799033,1100680,901510,1193940,19,1859,186841,4527449,9542433,9292833,50,33325,16463184,12603768,11059539,11572874,445,445218,4451187,16,3787,129,95344,1697288,2090376,1567,11158913,5677890,9269015,3378160,6875822,2812033,1406048,40919,127533,2951332,2710162,8901005
2022-08-20 14:58:07,1297804,2598685,3900336,4469081,4002241,2989138,4324781,1489191,2843294,655567,8279934,1500372,2690136,1861191,1298516,10820307,30492478,1746056,9182959,15877732,11799033,1100680,901510,1193940,19,1859,186841,4527449,9542433,9292833,50,33325,16463184,12603768,11059539,11572874,445,445218,4451187,16,3787,129,95344,1697288,2090376,1567,11158913,5677890,9269015,3378160,6875822,2812033,1406048,40919,127533,2951332,2710162,8901005
2022-08-20 14:58:44,1297804,2598685,3900336,4469081,4002241,2989138,4324781,1489191,2843294,655567,8279934,1500372,2690136,1861191,1298516,10820307,30492478,1746056,9182959,15877732,11799033,1100680,901510,1193940,19,1859,186841,4527449,9542433,9292833,50,33325,16463184,12603768,11059539,11572874,445,445218,4451187,16,3787,129,95344,1697288,2090376,1567,11158913,5677890,9269015,3378160,6875822,2812033,1406048,40919,127533,2951332,2710162,8901005
2022-08-20 16:38:57,1297804,2598685,3900336,4469081,4002241,2989138,4324781,1489191,2843294,655567,8279934,1500372,2690136,1861191,1298516,10820307,30492478,1746056,9182959,15877732,11799033,1100680,901510,1193940,19,1859,186841,4527449,9542433,9292833,50,33325,16463184,12603768,11059539,11572874,445,445218,4451187,16,3787,129,95344,1697288,2090376,1567,11158913,5677890,9269015,3378160,6875822,2812033,1406048,40919,127533,2951332,2710162,8901005
2022-08-20 16:43:46,1297804,2598685,3900336,4469081,4002241,2989138,4324781,1489191,2843294,655567,8279934,1500372,2690136,1861191,1298516,10820307,30492478,1746056,9182959,15877732,11799033,1100680,901510,1193940,19,1859,186841,4527449,9542433,9292833,50,33325,16463184,12603768,11059539,11572874,445,445218,4451187,16,3787,129,95344,1697288,2090376,1567,11158913,5677890,9269015,3378160,6875822,2812033,1406048,40919,127533,2951332,2710162,8901005
2022-08-20 16:52:09,1297804,2598685,3900336,4469081,4002241,2989138,4324781,1489191,2843294,655567,8279934,1500372,2690136,1861191,1298516,10820307,30492478,1746056,9182959,15877732,11799033,1100680,901510,1193940,19,1859,186841,4527449,9542433,9292833,50,33325,16463184,12603768,11059539,11572874,445,445218,4451187,16,3787,129,95344,1697288,2090376,1567,11158913,5677890,9269015,3378160,6875822,2812033,1406048,40919,127533,2951332,2710162,8901005
2022-08-20 17:36:41,1297804,2598685,3900336,4469081,4002241,2989138,4324781,1489191,2843294,655567,8279934,1500372,2690136,1861191,1298516,10820307,30492478,1746056,9182959,15877732,11799033,1100680,901510,1193940,19,1859,186841,4527449,9542433,9292833,50,33325,16463184,12603768,11059539,11572874,445,445218,4451187,16,3787,129,95344,1697288,2090376,1567,11158913,5677890,9269015,3378160,6875822,2812033,1406048,40919,127533,2951332,2710162,8901005
2022-08-20 17:50:43,1297804,2598685,3900336,4469081,4002241,2989138,4324781,1489191,2843294,779398,8273511,1500399,2690136,1861191,1298516,10820307,30492478,1746056,9182959,15877732,11799033,1100680,901510,1193940,19,1859,186841,4489645,9538100,9300706,50,33325,16463184,12603768,11059539,11572874,445,445218,4451187,16,3787,129,95344,1697288,2090514,1579,11161436,5677890,9269015,3378160,6875822,2812033,1406048,40919,127533,2951332,2710162,8901005
2022-08-20 17:51:51,1297804,2598685,3900336,4469081,4002241,2989138,4324781,1489191,2843294,779398,8273511,1500399,2690136,1861191,1298516,10820307,30492478,1746056,9182959,15877732,11799033,1100680,901510,1193940,19,1859,186841,4489645,9538100,9300706,50,33325,16463184,12603768,11059539,11572874,445,445218,4451187,16,3787,129,95344,1697288,2090514,1579,11161436,5677890,9269015,3378160,6875822,2812033,1406048,40919,127533,2951332,2710162,8901005
2022-08-20 18:40:27,1297804,2598685,3900336,4469081,4002241,2989138,4324781,1489191,2843294,779398,8273511,1500399,2690136,1861191,1298516,10820307,30492478,1746056,9182959,15877732,11799033,1100680,901510,1193940,19,1859,186841,4489645,9538100,9300706,50,33325,16463184,12603768,11059539,11572874,445,445218,4451187,16,3787,129,95344,1697288,2090514,1579,11161436,5677890,9269015,3378160,6875822,2812033,1406048,40919,127533,2951332,2710162,8901005
2022-08-20 18:44:46,1497291,2975954,4301755,4723616,4293291,3274086,4627808,1703638,3127073,708185,10108978,1846740,2721259,1969711,1589890,11419283,32981420,1942038,9347046,15907947,11797150,2783941,2279675,3016359,46,4579,456515,4388046,9327209,9111993,57,40152,19968515,27575285,24540838,24773693,83554,-1,-1,42855,10933115,103066,-1,-1,2091823,1713,11157424,5712432,9287429,3643344,6892842,2800290,1412882,42035,96560,2952405,2682303,9050685
2022-08-20 19:34:20,-1,-1,-1,-1,-1,-1,-1,-1,-1,-1,-1,-1,-1,-1,-1,-1,-1,-1,-1,-1,-1,-1,-1,-1,-1,-1,-1,-1,-1,-1,-1,-1,-1,-1,-1,-1,-1,-1,-1,-1,-1,-1,-1,-1,-1,-1,-1,-1,-1,-1,-1,-1,-1,-1,-1,-1,-1,-1
2022-08-20 19:52:48,1250361,2505183,3756702,4469081,4002241,2989138,4324781,1489191,2843294,779398,8273511,1500399,2690136,1861191,1298516,10820307,30492478,1746056,9182959,15877732,11799033,1100680,901510,1193940,19,1859,186841,4489645,9538100,9300706,50,33325,16463184,12603768,11059539,11572874,445,445218,4451187,16,3787,129,95344,1697288,2090514,1579,11161436,5677890,9269015,3378160,6875822,2812033,1406048,40919,127533,2951332,2710162,8901005
2022-08-20 20:54:52,1440169,2872551,4677121,4723616,4293291,3274086,4627808,1703638,3127073,708683,10092188,1856927,2698167,1881189,1543801,11419283,32981420,1942038,9355639,15922963,11827282,2780648,2281324,3017373,46,4579,456515,4388046,9327209,9111993,57,40152,19968515,27892952,24456922,24594096,83465,-1,-1,42855,10933115,129958,56642119,-1,2091823,1713,11157424,5712432,9287429,3643344,6892842,2800290,1412882,42035,96560,2952405,2682303,9050685
2022-08-20 21:11:38,1533287,3058368,4587474,5973825,5366442,4127690,5294279,2511715,3889079,824475,11852035,2132233,3985724,2329018,2127268,14666356,52430423,2646126,10727676,18409704,13699983,1378926,1097887,1452066,30,2931,293469,5147433,10932013,10661138,60,41469,20543488,17843045,15805749,15859038,556,556154,5559129,24,5972,130,93036,1702167,4175200,2332,20879971,6756152,10461319,4047132,8478433,3247386,1587269,39634,128170,3343501,3401503,10649817
2022-08-20 21:53:48,1269763,2539804,3811364,4361576,3981846,3018164,4334113,1656756,2833000,661814,8309520,1492100,2820732,1809735,1301633,10500160,35839333,1867570,9205423,15823437,11713153,1134261,901670,1194221,19,1859,186841,4493543,9534487,9348596,51,33144,16474883,12631904,11047273,11593204,445,445218,4451187,16,3787,129,95344,1697288,2090514,1579,11161436,5195993,10406434,3361847,7038102,2837075,1422878,36565,87963,2907509,2655005,9072064
2022-08-20 22:26:12,1480553,2908615,4365718,5372131,4861570,3765568,4754493,1903706,3298222,800983,8786441,1694394,3515748,2235736,1825704,12981294,42720945,2272212,10343131,17463948,12911411,1236897,1014375,1377444,19,1858,186379,4755050,10120720,9869509,52,34031,16755489,15181335,13476672,13661563,501,540298,5002802,16,3716,136,93096,1686420,2095973,1733,12558507,6641979,9629501,3426410,8249224,3192245,1556438,41687,109285,2976477,2739761,9148072
2022-08-20 23:01:43,-1,-1,-1,-1,-1,-1,-1,-1,-1,-1,-1,-1,-1,-1,-1,-1,-1,-1,-1,-1,-1,-1,-1,-1,-1,-1,-1,-1,-1,-1,-1,-1,-1,-1,-1,-1,-1,-1,-1,-1,-1,-1,-1,-1,-1,-1,-1,-1,-1,-1,-1,-1,-1,-1,-1,-1,-1,-1
2022-08-20 23:25:03,1450195,2882217,4656839,4737094,4296868,3262261,4628362,1703677,3117680,725613,9373323,1674150,2701602,1910451,1555152,11417752,32954707,1922163,6646177,13099612,10148685,-1,-1,-1,46,4607,456683,4058869,8622522,8414175,59,42928,21354060,27527905,24432384,24622097,83429,-1,-1,42855,10933115,125027,56340595,-1,2091874,1691,11192616,5907310,9294285,3621870,6892842,2800290,1412882,37841,89035,2939354,2656972,9026161
2022-08-21 00:12:05,1507489,3030216,4492889,5774326,5213732,4006661,5241855,2451806,3815789,794754,11323144,2035215,3225907,2168126,2045632,14981926,54115431,2708290,10681900,18543663,13812291,-1,-1,-1,30,2975,293405,5150211,10929781,10671959,58,40230,20043664,17992848,16000590,16061955,556,556154,5559129,24,5972,130,93162,1707674,4180584,2370,20872203,6446059,9370671,3997093,8481636,3235079,1580155,38039,124896,3432125,3499629,10522141
2022-08-21 00:40:33,1543672,3056539,4576220,5973825,5366442,4127690,5291381,2502950,3883220,805326,10820689,1972950,3246978,2165823,2051459,14981926,54115431,2708290,10667647,18494099,13802494,-1,-1,-1,30,2975,293405,5147433,10932013,10661138,60,40794,20206079,17995403,16004042,16008851,556,556154,5559129,24,5972,130,93162,1707674,4176949,2356,20877132,6674822,9302201,3994073,8478433,3247386,1587269,37889,102542,3377238,3505604,10467346
2022-08-21 00:59:55,1339320,2652311,3920682,4384682,4003447,3014209,4327326,1490653,2838359,664903,8230851,1511146,2644249,1842855,1317402,10599799,28937661,1671700,9220233,15899629,11835347,1100994,902435,1193626,19,1859,186841,4496664,9535085,9308178,50,33224,16471641,12864928,11312076,11784028,445,445218,4451187,15,3713,129,95344,1697288,2124518,1562,11149136,6009629,9124121,3393780,6834772,2790863,1407537,39910,108147,2918078,2631264,8960187
2022-08-21 02:48:01,1253319,2495806,3743012,4423314,3982840,2998170,4301723,1490965,2842233,660974,8273312,1532358,2686371,1809029,1303608,10698473,33965212,1908265,9180872,15855267,11798734,981683,805546,1064805,19,1859,186841,4484799,9529886,9293661,50,33128,16464558,12864615,11325091,11788102,445,445218,4451187,15,3713,129,93049,1662555,2091616,1556,11159634,5376003,9131698,3310707,6809530,2788462,1410794,43818,111651,2931271,2628029,8878357
2022-08-21 02:58:10,1253319,2495806,3743012,4423314,3982840,2998170,4301723,1490965,2842233,660974,8273312,1532358,2686371,1809029,1303608,10698473,33965212,1908265,9180872,15855267,11798734,981683,805546,1064805,19,1859,186841,4484799,9529886,9293661,50,33128,16464558,12864615,11325091,11788102,445,445218,4451187,15,3713,129,93049,1662555,2091616,1556,11159634,5376003,9131698,3310707,6809530,2788462,1410794,43818,111651,2931271,2628029,8878357
2022-08-21 04:37:01,1250361,2505183,3756702,4469081,4002241,2989138,4324781,1489191,2843294,662792,8263156,1530944,2647824,1864615,1314854,10848717,31298398,1795559,9185977,15873744,11798026,1019976,805149,1064287,19,1859,186841,4489645,9538100,9300706,51,33181,16475392,12619807,11070592,11546429,445,445218,4451187,16,3787,129,93049,1662555,2090514,1579,11161436,5677890,9269015,3378160,6875822,2812033,1406048,40919,127533,2930802,2697055,8858107
2022-08-21 05:03:25,1250361,2505183,3756702,4469081,4002241,2989138,4324781,1489191,2843294,662792,8263156,1530944,2647824,1864615,1314854,10848717,31298398,1795559,9185977,15873744,11798026,1019976,805149,1064287,19,1859,186841,4489645,9538100,9300706,51,33181,16475392,12619807,11070592,11546429,445,445218,4451187,16,3787,129,93049,1662555,2090514,1579,11161436,5677890,9269015,3378160,6875822,2812033,1406048,40919,127533,2930802,2697055,8858107
2022-08-21 05:04:24,1250361,2505183,3756702,4469081,4002241,2989138,4324781,1489191,2843294,662792,8263156,1530944,2647824,1864615,1314854,10848717,31298398,1795559,9185977,15873744,11798026,1019976,805149,1064287,19,1859,186841,4489645,9538100,9300706,51,33181,16475392,12619807,11070592,11546429,445,445218,4451187,16,3787,129,93049,1662555,2090514,1579,11161436,5677890,9269015,3378160,6875822,2812033,1406048,40919,127533,2930802,2697055,8858107
2022-08-21 05:23:04,1296245,2623273,3891085,4345139,3946552,3025422,4324781,1489191,2843294,790990,8290094,1528423,2647824,1864615,1314854,10863717,32750583,1814480,9159033,15753177,11539065,1084650,889643,1176830,19,1859,186841,4490333,9536408,9307824,51,33244,16476663,12617625,11028187,11560394,445,445218,4451187,11,2603,494,95386,1736966,2090768,1563,11159152,5822776,9041835,3389838,6875822,2812033,1406048,36872,94927,2930802,2697055,8858107
2022-08-21 05:29:49,1250361,2505183,3756702,4469081,4002241,2989138,4324781,1489191,2843294,662792,8263156,1530944,2647824,1864615,1314854,10848717,31298398,1795559,9185977,15873744,11798026,1019976,805149,1064287,19,1859,186841,4489645,9538100,9300706,51,33181,16475392,12619807,11070592,11546429,445,445218,4451187,16,3787,129,93049,1662555,2090514,1579,11161436,5677890,9269015,3378160,6875822,2812033,1406048,40919,127533,2930802,2697055,8858107
2022-08-21 05:57:21,1250361,2505183,3756702,4469081,4002241,2989138,4324781,1489191,2843294,662792,8263156,1530944,2647824,1864615,1314854,10848717,31298398,1795559,9185977,15873744,11798026,1019976,805149,1064287,19,1859,186841,4489645,9538100,9300706,51,33181,16475392,12619807,11070592,11546429,445,445218,4451187,16,3787,129,93049,1662555,2090514,1579,11161436,5677890,9269015,3378160,6875822,2812033,1406048,40919,127533,2930802,2697055,8858107
2022-08-21 06:15:17,1254587,2481567,3758577,4402092,3993330,3006400,4323003,1490554,2846637,744828,9122331,1693575,2786525,1867858,1312530,10864811,33115445,1818285,9235847,15962656,11755642,952022,779348,1031483,20,1904,186093,4403465,9287973,9121732,53,33228,16474700,13116451,11311363,11816639,445,444839,4447964,11,2585,129,95350,1697059,2090815,1551,11155335,6034310,9231840,3376122,6991098,2845132,1424775,40109,125773,2961737,2589491,8998072
2022-08-21 06:29:59,1250361,2505183,3756702,4469081,4002241,2989138,4324781,1489191,2843294,662792,8263156,1530944,2647824,1864615,1314854,10848717,31298398,1795559,9185977,15873744,11798026,1019976,805149,1064287,19,1859,186841,4489645,9538100,9300706,51,33181,16475392,12619807,11070592,11546429,445,445218,4451187,16,3787,129,93049,1662555,2090514,1579,11161436,5677890,9269015,3378160,6875822,2812033,1406048,40919,127533,2930802,2697055,8858107
2022-08-21 07:25:19,1250361,2505183,3756702,4469081,4002241,2989138,4324781,1489191,2843294,662792,8263156,1530944,2647824,1864615,1314854,10848717,31298398,1795559,9185977,15873744,11798026,1019976,805149,1064287,19,1859,186841,4489645,9538100,9300706,51,33181,16475392,12619807,11070592,11546429,445,445218,4451187,16,3787,129,93049,1662555,2090514,1579,11161436,5677890,9269015,3378160,6875822,2812033,1406048,40919,127533,2930802,2697055,8858107
2022-08-21 10:31:14,388598,778247,1168789,4313425,3929531,2987393,4326362,1492294,2843242,756655,8978663,1674700,2789930,1943621,1226682,10828038,30515286,1782107,9200095,15672214,11509783,970139,795141,1053351,20,1857,185942,4371061,9310709,9056291,51,33349,16492977,13038445,11299019,11887059,446,478970,4451153,11,2602,138,93041,1662563,2093281,1566,11158768,5607927,9076801,3352896,6587251,2695109,1355615,49348,119032,2969130,2623744,9016654
2022-08-21 10:49:25,1450195,2882217,4656839,4737094,4296868,3262261,4628362,1703677,3117680,725613,9373323,1674150,2701602,1910451,1555152,11417752,32954707,1922163,6646177,13099612,10148685,-1,-1,-1,46,4607,456683,4058869,8622522,8414175,59,42928,21354060,27527905,24432384,24622097,83429,-1,-1,42855,10933115,125027,56340595,-1,2091874,1691,11192616,5907310,9294285,3621870,6892842,2800290,1412882,37841,89035,2939354,2656972,9026161
2022-08-21 11:13:43,388598,778247,1168789,4313425,3929531,2987393,4326362,1492294,2843242,756655,8978663,1674700,2789930,1943621,1226682,10828038,30515286,1782107,9200095,15672214,11509783,970139,795141,1053351,20,1857,185942,4371061,9310709,9056291,51,33349,16492977,13038445,11299019,11887059,446,478970,4451153,11,2602,138,93041,1662563,2093281,1566,11158768,5607927,9076801,3352896,6587251,2695109,1355615,49348,119032,2969130,2623744,9016654
2022-08-21 11:36:34,388598,778247,1168789,4313425,3929531,2987393,4326362,1492294,2843242,756655,8978663,1674700,2789930,1943621,1226682,10828038,30515286,1782107,9200095,15672214,11509783,970139,795141,1053351,20,1857,185942,4371061,9310709,9056291,51,33349,16492977,13038445,11299019,11887059,446,478970,4451153,11,2602,138,93041,1662563,2093281,1566,11158768,5607927,9076801,3352896,6587251,2695109,1355615,49348,119032,2969130,2623744,9016654
2022-08-21 11:42:27,1250361,2505183,3756702,4469081,4002241,2989138,4324781,1489191,2843294,662792,8263156,1530944,2647824,1864615,1314854,10848717,31298398,1795559,9185977,15873744,11798026,1019976,805149,1064287,19,1859,186841,4489645,9538100,9300706,51,33181,16475392,12619807,11070592,11546429,445,445218,4451187,16,3787,129,93049,1662555,-1,-1,-1,5677890,9269015,3378160,6875822,2812033,1406048,40919,127533,2930802,2697055,8858107
2022-08-21 11:55:50,388598,778247,1168789,4313425,3929531,2987393,4326362,1492294,2843242,756655,8978663,1674700,2789930,1943621,1226682,10828038,30515286,1782107,9200095,15672214,11509783,970139,795141,1053351,20,1857,185942,4371061,9310709,9056291,51,33349,16492977,13038445,11299019,11887059,446,478970,4451153,11,2602,138,93041,1662563,2093281,1566,11158768,5607927,9076801,3352896,6587251,2695109,1355615,49348,119032,2969130,2623744,9016654
2022-08-21 11:59:06,1478696,2864639,4293428,4737094,4296868,3262261,4625282,1700937,3116472,659215,9426131,1680399,2722775,1856026,1540393,11415396,32817732,1884274,5737778,11918665,9331595,-1,-1,-1,47,4601,456714,4031099,8534725,8339235,57,40174,19995091,30809914,27078660,27297334,83656,-1,-1,42855,10933115,125027,56340595,-1,2092695,1700,11158746,7302594,10416359,3731309,6892842,2800290,1412882,41137,109446,2939354,2656972,9026161
2022-08-21 12:14:26,1478696,2864639,4293428,4737094,4296868,3262261,4625282,1700937,3116472,659215,9426131,1680399,2722775,1856026,1540393,11415396,32817732,1884274,5737778,11918665,9331595,-1,-1,-1,47,4601,456714,4031099,8534725,8339235,57,40174,19995091,30809914,27078660,27297334,83656,-1,-1,42855,10933115,125027,56340595,-1,2092695,1700,11158746,7302594,10416359,3731309,6892842,2800290,1412882,41137,109446,2939354,2656972,9026161
2022-08-21 14:11:38,1250361,2505183,3756702,4469081,4002241,2989138,4324781,1489191,2843294,662792,8263156,1530944,2647824,1864615,1314854,10848717,31298398,1795559,9185977,15873744,11798026,1019976,805149,1064287,19,1859,186841,4489645,9538100,9300706,51,33181,16475392,12619807,11070592,11546429,445,445218,4451187,16,3787,129,93049,1662555,2090514,1579,11161436,5677890,9269015,3378160,6875822,2812033,1406048,40919,127533,2930802,2697055,8858107
2022-08-21 14:17:37,388598,778247,1168789,4313425,3929531,2987393,4326362,1492294,2843242,756655,8978663,1674700,2789930,1943621,1226682,10828038,30515286,1782107,9200095,15672214,11509783,970139,795141,1053351,20,1857,185942,4371061,9310709,9056291,51,33349,16492977,13038445,11299019,11887059,446,478970,4451153,11,2602,138,93041,1662563,2093281,1566,11158768,5607927,9076801,3352896,6587251,2695109,1355615,49348,119032,2969130,2623744,9016654
2022-08-21 14:22:08,388598,778247,1168789,4313425,3929531,2987393,4326362,1492294,2843242,756655,8978663,1674700,2789930,1943621,1226682,10828038,30515286,1782107,9200095,15672214,11509783,970139,795141,1053351,20,1857,185942,4371061,9310709,9056291,51,33349,16492977,13038445,11299019,11887059,446,478970,4451153,11,2602,138,93041,1662563,2093281,1566,11158768,5607927,9076801,3352896,6587251,2695109,1355615,49348,119032,2969130,2623744,9016654
2022-08-21 14:35:43,397172,718939,1071981,5313936,5001939,3805991,3455124,1306971,2416989,594233,7856060,1426783,2657792,1934556,1282773,10827085,30500578,1746577,5807631,12192214,9582009,-1,-1,-1,13,1293,129449,4006310,8492249,8306635,52,33223,16497249,13090162,11360968,11828425,445,444795,4448478,11,2665,132,93028,1701910,2090818,1552,11148377,5617984,10375999,3433552,6594101,2727838,1403322,42068,99505,3012951,2969405,9357495
2022-08-21 14:44:32,388598,778247,1168789,4313425,3929531,2987393,4326362,1492294,2843242,756655,8978663,1674700,2789930,1943621,1226682,10828038,30515286,1782107,9200095,15672214,11509783,970139,795141,1053351,20,1857,185942,4371061,9310709,9056291,51,33349,16492977,13038445,11299019,11887059,446,478970,4451153,11,2602,138,93041,1662563,2093281,1566,11158768,5607927,9076801,3352896,6587251,2695109,1355615,49348,119032,2969130,2623744,9016654
2022-08-21 15:14:37,389066,779939,1166885,4948813,4584717,3409609,3456686,1310922,2420514,675324,8983405,1674823,2658274,1851400,1296803,10862559,30533585,1750914,9194646,15680985,11498676,971111,795152,1052512,19,1926,185946,2025544,4326921,4188808,51,33287,16488199,13115935,11314974,11849863,445,445508,4447039,11,2603,138,93111,1702279,2095373,1556,11149701,5518828,10167712,3397518,6679446,2716404,1389174,37587,88585,2915442,2679489,9175328
2022-08-21 15:19:31,397172,718939,1071981,5313936,5001939,3805991,3455124,1306971,2416989,594233,7856060,1426783,2657792,1934556,1282773,10827085,30500578,1746577,5807631,12192214,9582009,-1,-1,-1,13,1293,129449,4006310,8492249,8306635,52,33223,16497249,13090162,11360968,11828425,445,444795,4448478,11,2665,132,93028,1701910,2090818,1552,11148377,5617984,10375999,3433552,6594101,2727838,1403322,42068,99505,3012951,2969405,9357495
2022-08-21 15:58:23,389066,779939,1166885,4948813,4584717,3409609,3456686,1310922,2420514,675324,8983405,1674823,2658274,1851400,1296803,10862559,30533585,1750914,9194646,15680985,11498676,971111,795152,1052512,19,1926,185946,2025544,4326921,4188808,51,33287,16488199,13115935,11314974,11849863,445,445508,4447039,11,2603,138,93111,1702279,2095373,1556,11149701,5518828,10167712,3397518,6679446,2716404,1389174,37587,88585,2915442,2679489,9175328
2022-08-21 16:52:41,389066,779939,1166885,4948813,4584717,3409609,3457894,1309634,2416745,674265,8948679,1680442,2865281,2184407,1331037,10862559,30533585,1750914,9194646,15680985,11498676,1022940,810658,1072382,19,1926,185946,2025544,4326921,4188808,52,33309,16533763,13024543,11292476,11893764,445,445508,4447039,11,2656,138,93111,1702279,2091349,1544,11154197,5518828,10167712,3397518,6580217,2715730,1389747,39101,88585,2915442,2679489,9175328
2022-08-21 17:42:14,389066,779939,1166885,4948813,4584717,3409609,3456686,1310922,2420514,675324,8983405,1674823,2658274,1851400,1296803,10862559,30533585,1750914,9194646,15680985,11498676,971111,795152,1052512,19,1926,185946,2025544,4326921,4188808,51,33287,16488199,13115935,11314974,11849863,445,445508,4447039,11,2603,138,93111,1702279,2095373,1556,11149701,5518828,10167712,3397518,6679446,2716404,1389174,37587,88585,2915442,2679489,9175328
2022-08-21 17:49:27,389243,778351,1166189,4966522,4612652,3433055,3459830,1308290,2424161,677213,9148730,1701828,2649916,1812722,1297081,10822202,30574835,1746779,9203662,15867255,11741406,953090,781318,1033258,14,1292,129468,2022473,4316341,4194544,52,33254,16507535,13100030,11304525,11776138,445,444994,4448355,11,2631,132,93025,1704224,2091191,1549,11148970,5949573,10231812,3346231,6580217,2715730,1389747,39768,90888,2975224,2814804,9194980
